issued_utc,delivery_hour_local,delivery_date_local,hour,model,y_pred,q10,q20,q30,q40,q50,q60,q70,q80,q90,y_true,abs_error
2026-09-12T09:25:59.791680+00:00,2026-09-12 22:00:00+00:00,2026-09-13 00:00:00+02:00,0,N-HiTS,172.1085870361328,160.8600071411133,169.50193188476564,172.1085870361328,173.4613424682617,173.6681918640137,176.49848516845702,180.40464474487305,182.7785015258789,184.7086654663086,177.83,5.721412963867209
2026-09-12T09:25:59.791680+00:00,2026-09-12 23:00:00+00:00,2026-09-13 00:00:00+02:00,1,N-HiTS,165.2201593017578,147.43457684326174,156.68340466308595,161.3561801452637,164.35382904052733,165.2201593017578,170.3328815307617,173.23017575073243,179.95905877685547,181.83323822021484,167.6,2.379840698242191
2026-09-12T09:25:59.791680+00:00,2026-09-13 00:00:00+00:00,2026-09-13 00:00:00+02:00,2,N-HiTS,164.5181787109375,138.22318157958986,149.4099061279297,153.39924044799807,157.4963766479492,164.5181787109375,167.67644842529296,172.56448175048828,173.00733639526368,184.0290084838867,163.03,1.4881787109374898
2026-09-12T09:25:59.791680+00:00,2026-09-13 01:00:00+00:00,2026-09-13 00:00:00+02:00,3,N-HiTS,161.3021905517578,132.0374973754883,143.91671154785158,149.4891147155762,157.54279388427733,161.3021905517578,169.2358977966309,171.91689642333984,176.10021783447266,179.1344009399414,161.73,0.42780944824218636
2026-09-12T09:25:59.791680+00:00,2026-09-13 02:00:00+00:00,2026-09-13 00:00:00+02:00,4,N-HiTS,156.51509643554687,122.9028538208008,140.57825634765626,148.87934298706057,155.36927093505858,156.51509643554687,166.51201971435546,167.15139462280274,173.97819329833985,181.20289764404296,164.06,7.544903564453136
2026-09-12T09:25:59.791680+00:00,2026-09-13 03:00:00+00:00,2026-09-13 00:00:00+02:00,5,N-HiTS,156.98618103027343,111.85181317138674,133.22194836425783,147.41263766479494,156.33635772705077,156.98618103027343,159.8332935180664,165.55830075073243,170.87452508544922,181.0745864868164,168.03,11.043818969726573
2026-09-12T09:25:59.791680+00:00,2026-09-13 04:00:00+00:00,2026-09-13 00:00:00+02:00,6,N-HiTS,149.74033142089843,101.55860028076174,123.3938920288086,137.95746798706057,149.74033142089843,150.6881491088867,159.73696478271484,164.6467864685059,172.11044122314453,179.44561920166015,175.27,25.529668579101582
2026-09-12T09:25:59.791680+00:00,2026-09-13 05:00:00+00:00,2026-09-13 00:00:00+02:00,7,N-HiTS,133.33691955566405,81.24951824951174,106.68243572998048,124.09252352905274,124.8084341430664,133.33691955566405,139.83039434814452,148.55666806030274,156.71154595947266,165.3063522338867,178.93,45.59308044433595
2026-09-12T09:25:59.791680+00:00,2026-09-13 06:00:00+00:00,2026-09-13 00:00:00+02:00,8,N-HiTS,105.59261108398438,50.67007336425783,72.51067517089845,91.73645205688476,98.23882354736328,105.59261108398438,111.8331943359375,117.58199002075196,130.59782220458985,141.87149200439453,167.88,62.287388916015615
2026-09-12T09:25:59.791680+00:00,2026-09-13 07:00:00+00:00,2026-09-13 00:00:00+02:00,9,N-HiTS,67.92960144042969,-0.8072444458007624,30.225244262695327,44.85983462524415,56.10912384033202,67.92960144042969,79.67668493652344,90.57479550170898,98.41278649902344,104.558251953125,144.24,76.31039855957032
2026-09-12T09:25:59.791680+00:00,2026-09-13 08:00:00+00:00,2026-09-13 00:00:00+02:00,10,N-HiTS,32.21449829101563,-51.17008319091795,-16.416067382812486,4.796823455810554,19.495583190917955,32.21449829101563,48.22120245361329,54.33664395141601,70.9347973022461,81.46168670654296,120.0,87.78550170898437
2026-09-12T09:25:59.791680+00:00,2026-09-13 09:00:00+00:00,2026-09-13 00:00:00+02:00,11,N-HiTS,-2.0956365966796824,-93.01197161865232,-56.950369140624986,-35.26733975219726,-15.374640808105482,-2.0956365966796824,13.971431335449225,31.7377898864746,49.23492242431641,59.91010437011718,105.31,107.40563659667968
2026-09-12T09:25:59.791680+00:00,2026-09-13 10:00:00+00:00,2026-09-13 00:00:00+02:00,12,N-HiTS,-32.17525695800781,-135.54386248779295,-95.62377001953124,-65.74521450805663,-41.783591613769545,-32.17525695800781,-13.074100891113275,-1.1795379943847737,19.926252380371096,33.98993072509765,100.83,133.0052569580078
2026-09-12T09:25:59.791680+00:00,2026-09-13 11:00:00+00:00,2026-09-13 00:00:00+02:00,13,N-HiTS,-50.10723327636718,-168.84217181396482,-120.568044921875,-81.6671047668457,-63.23044525146486,-50.10723327636718,-28.994831481933588,-14.517886383056648,5.830381408691409,24.736100769042963,97.11,147.21723327636718
2026-09-12T09:25:59.791680+00:00,2026-09-13 12:00:00+00:00,2026-09-13 00:00:00+02:00,14,N-HiTS,-43.91129516601562,-159.67154803466795,-107.34340502929686,-82.03716091918945,-59.943930969238295,-43.91129516601562,-32.33021966552734,-11.882037384033213,7.339368835449221,29.72972259521484,97.1,141.0112951660156
2026-09-12T09:25:59.791680+00:00,2026-09-13 13:00:00+00:00,2026-09-13 00:00:00+02:00,15,N-HiTS,-22.545114746093745,-120.12519183349607,-82.01112963867186,-55.31242947387695,-36.40491424560548,-22.545114746093745,-10.287708679199213,6.191448944091789,23.40304376220704,40.05491027832031,113.17,135.71511474609375
2026-09-12T09:25:59.791680+00:00,2026-09-13 14:00:00+00:00,2026-09-13 00:00:00+02:00,16,N-HiTS,21.481939086914068,-56.54256549072264,-20.381811401367173,-1.947912261962884,13.164223327636703,21.481939086914068,38.18826635742188,47.21335293579101,57.345991149902346,73.10600433349609,150.98,129.4980609130859
2026-09-12T09:25:59.791680+00:00,2026-09-13 15:00:00+00:00,2026-09-13 00:00:00+02:00,17,N-HiTS,87.55183959960938,23.572317932128925,49.96667645263673,63.32572360229493,74.39010681152342,87.55183959960938,99.1731372680664,105.53876187133788,123.46192742919922,131.9323287963867,189.14,101.5881604003906
2026-09-12T09:25:59.791680+00:00,2026-09-13 16:00:00+00:00,2026-09-13 00:00:00+02:00,18,N-HiTS,157.52675415039062,102.660223815918,126.84733746337892,137.6937045593262,147.25473846435546,157.52675415039062,164.8970905151367,176.65139462280274,185.65080072021485,203.7148910522461,210.0,52.473245849609384
2026-09-12T09:25:59.791680+00:00,2026-09-13 17:00:00+00:00,2026-09-13 00:00:00+02:00,19,N-HiTS,208.78189636230468,155.78455242919924,181.0604645996094,190.90436740112307,203.1761557006836,208.78189636230468,213.4543414916992,229.76093746948243,240.40739251708985,259.23326263427737,230.01,21.228103637695312
2026-09-12T09:25:59.791680+00:00,2026-09-13 18:00:00+00:00,2026-09-13 00:00:00+02:00,20,N-HiTS,228.36499572753905,182.36174664306645,206.05523083496087,214.44471163940432,220.54807342529296,228.36499572753905,233.963801940918,244.552090423584,253.8927288208008,263.996842956543,233.83,5.465004272460959
2026-09-12T09:25:59.791680+00:00,2026-09-13 19:00:00+00:00,2026-09-13 00:00:00+02:00,21,N-HiTS,223.8938806152344,183.32527813720705,205.3764588623047,208.38227267456057,213.5094381713867,223.8938806152344,227.2071948852539,229.30976559448243,234.50318719482425,248.8228317260742,232.37,8.47611938476561
2026-09-12T09:25:59.791680+00:00,2026-09-13 20:00:00+00:00,2026-09-13 00:00:00+02:00,22,N-HiTS,204.9193017578125,176.92586407470705,190.96294567871087,197.5268954772949,199.34326995849608,204.9193017578125,207.47797735595705,211.72251583862305,217.3833446655273,224.96605072021484,227.46,22.540698242187517
2026-09-12T09:25:59.791680+00:00,2026-09-13 21:00:00+00:00,2026-09-13 00:00:00+02:00,23,N-HiTS,189.31419921875,161.24503216552736,171.87368176269533,185.3409976501465,185.905739440918,189.31419921875,193.4650836791992,195.29491879272464,201.8065166625977,206.8783737182617,210.59,21.275800781250013
2026-09-16T09:26:16.397938+00:00,2026-09-16 22:00:00+00:00,2026-09-17 00:00:00+02:00,0,N-HiTS,172.21487976074218,160.29350933837893,164.43833325195314,167.60245700073244,172.21487976074218,174.1676870727539,180.24488409423827,184.32223321533203,185.2488067321777,190.53524932861328,183.52,11.305120239257832
2026-09-16T09:26:16.397938+00:00,2026-09-16 23:00:00+00:00,2026-09-17 00:00:00+02:00,1,N-HiTS,169.73276306152343,144.0054691772461,155.5636384277344,161.05195040893557,165.79004730224608,169.73276306152343,174.8025775756836,178.2301452331543,178.86132623291016,185.62063751220705,169.08,0.6527630615234159
2026-09-16T09:26:16.397938+00:00,2026-09-17 00:00:00+00:00,2026-09-17 00:00:00+02:00,2,N-HiTS,167.85349060058593,135.83809552001955,149.8141267089844,154.86266513061526,161.53289093017577,167.85349060058593,172.61848028564452,175.12482907104493,175.44618035888672,182.8007064819336,165.49,2.3634906005859193
2026-09-16T09:26:16.397938+00:00,2026-09-17 01:00:00+00:00,2026-09-17 00:00:00+02:00,3,N-HiTS,166.38103271484374,137.1930149536133,149.43059704589845,153.18403048706057,157.4818502807617,166.38103271484374,169.7407184448242,171.69541622924805,174.94592095947266,180.7371231079101,165.56,0.8210327148437386
2026-09-16T09:26:16.397938+00:00,2026-09-17 02:00:00+00:00,2026-09-17 00:00:00+02:00,4,N-HiTS,163.5257470703125,135.43799481201174,150.77950451660158,155.47078890991213,160.4164205932617,163.5257470703125,168.19576605224609,169.3497741394043,175.41512872314453,180.08075103759765,165.64,2.1142529296874955
2026-09-16T09:26:16.397938+00:00,2026-09-17 03:00:00+00:00,2026-09-17 00:00:00+02:00,5,N-HiTS,178.88211608886718,149.26668438720705,160.94565747070314,168.8795718688965,170.09284271240233,178.88211608886718,181.6099048461914,184.4125335388184,193.788282409668,194.75204620361328,165.01,13.872116088867188
2026-09-16T09:26:16.397938+00:00,2026-09-17 04:00:00+00:00,2026-09-17 00:00:00+02:00,6,N-HiTS,201.721654663086,169.84319195556645,182.06305859375,194.0448550720215,200.21918548583983,201.721654663086,208.9051929321289,213.0308196716309,223.29069329833985,232.2718368530273,199.1,2.6216546630860194
2026-09-16T09:26:16.397938+00:00,2026-09-17 05:00:00+00:00,2026-09-17 00:00:00+02:00,7,N-HiTS,219.9928491210937,174.91126141357424,194.40102551269533,208.8858890075684,212.73987640380847,219.9928491210937,229.856868347168,236.55616452026368,243.65676690673828,263.4286056518555,216.44,3.5528491210937148
2026-09-16T09:26:16.397938+00:00,2026-09-17 06:00:00+00:00,2026-09-17 00:00:00+02:00,8,N-HiTS,209.0110223388672,164.6913059692383,186.8967225341797,195.46415133667,201.31903900146483,209.0110223388672,219.9681812133789,223.8473785095215,233.9934673461914,251.2793441772461,198.45,10.561022338867218
2026-09-16T09:26:16.397938+00:00,2026-09-17 07:00:00+00:00,2026-09-17 00:00:00+02:00,9,N-HiTS,171.74681640625,128.01465496826174,152.6519715576172,160.77303500366213,170.98349822998046,171.74681640625,186.35590704345705,192.34040524292,199.84077264404297,214.38043365478515,163.39,8.356816406250005
2026-09-16T09:26:16.397938+00:00,2026-09-17 08:00:00+00:00,2026-09-17 00:00:00+02:00,10,N-HiTS,145.13408447265624,93.6022709350586,112.2108552246094,130.41556735229494,139.49243988037108,145.13408447265624,154.2272907104492,164.29572750854493,175.02294732666016,183.4260269165039,111.34,33.79408447265624
2026-09-16T09:26:16.397938+00:00,2026-09-17 09:00:00+00:00,2026-09-17 00:00:00+02:00,11,N-HiTS,125.41081024169922,62.97630963134768,85.1618821411133,104.35347933959962,114.44125427246092,125.41081024169922,133.46059759521484,143.40734555053712,156.5946636352539,166.7578598022461,34.76,90.65081024169922
2026-09-16T09:26:16.397938+00:00,2026-09-17 10:00:00+00:00,2026-09-17 00:00:00+02:00,12,N-HiTS,105.63889099121094,37.5567844848633,58.31646130371095,80.01425357055665,96.09154571533202,105.63889099121094,118.08017309570312,126.55508877563476,144.1012554321289,156.8065658569336,10.67,94.96889099121094
2026-09-16T09:26:16.397938+00:00,2026-09-17 11:00:00+00:00,2026-09-17 00:00:00+02:00,13,N-HiTS,94.07682586669922,19.79993328857424,45.95054028320314,69.88403506469727,80.77365936279296,94.07682586669922,103.20024450683594,116.68182827758788,131.50971795654297,151.2351547241211,1.91,92.16682586669923
2026-09-16T09:26:16.397938+00:00,2026-09-17 12:00:00+00:00,2026-09-17 00:00:00+02:00,14,N-HiTS,98.38613677978516,16.26204571533205,50.9750916748047,69.51446719360352,84.79743255615233,98.38613677978516,104.86245306396484,116.75623013305665,132.58338739013672,146.7631851196289,12.23,86.15613677978516
2026-09-16T09:26:16.397938+00:00,2026-09-17 13:00:00+00:00,2026-09-17 00:00:00+02:00,15,N-HiTS,109.92017150878908,31.8056858520508,59.63135693359376,82.75876803588868,98.26333679199216,109.92017150878908,119.5633655395508,131.77366329956055,139.72738458251953,158.55368194580078,31.2,78.72017150878908
2026-09-16T09:26:16.397938+00:00,2026-09-17 14:00:00+00:00,2026-09-17 00:00:00+02:00,16,N-HiTS,136.53528381347655,66.3498753051758,96.06976483154298,115.06804843139648,124.89498962402342,136.53528381347655,142.31995733642577,153.25707699584962,166.3270092163086,182.2030807495117,74.36,62.175283813476554
2026-09-16T09:26:16.397938+00:00,2026-09-17 15:00:00+00:00,2026-09-17 00:00:00+02:00,17,N-HiTS,178.48137451171874,119.62495312500002,145.61097119140626,161.23575778198244,167.6633688354492,178.48137451171874,184.53223760986327,196.89014889526368,212.4908733520508,235.1102310180664,151.48,27.00137451171875
2026-09-16T09:26:16.397938+00:00,2026-09-17 16:00:00+00:00,2026-09-17 00:00:00+02:00,18,N-HiTS,231.7780969238281,181.2663639526368,200.9935700683594,215.1495608825684,223.9248434448242,231.7780969238281,244.7169147338867,258.5270507507324,275.1177959594727,303.855973815918,198.49,33.28809692382808
2026-09-16T09:26:16.397938+00:00,2026-09-17 17:00:00+00:00,2026-09-17 00:00:00+02:00,19,N-HiTS,268.7413690185547,211.34073529052736,233.92725537109376,246.07731051635744,254.38452972412108,268.7413690185547,277.51687200927734,301.7453429870605,319.22701837158206,347.97468719482424,216.97,51.77136901855468
2026-09-16T09:26:16.397938+00:00,2026-09-17 18:00:00+00:00,2026-09-17 00:00:00+02:00,20,N-HiTS,261.5123040771484,207.54296002197268,224.91777966308595,238.93055148315432,250.3535848999024,261.5123040771484,264.16717108154296,290.8669860534668,306.97604180908206,338.0518051147461,215.72,45.79230407714843
2026-09-16T09:26:16.397938+00:00,2026-09-17 19:00:00+00:00,2026-09-17 00:00:00+02:00,21,N-HiTS,226.8609826660156,181.9426487426758,196.4764191894532,207.13781161499023,216.8406912231445,226.8609826660156,230.9329791870117,245.46909786987305,261.3554668579102,286.59068450927737,205.73,21.130982666015598
2026-09-16T09:26:16.397938+00:00,2026-09-17 20:00:00+00:00,2026-09-17 00:00:00+02:00,22,N-HiTS,194.8834741210937,156.87198529052736,174.0096375732422,180.01453585815432,188.3512350463867,194.8834741210937,199.96367987060543,214.2672240905761,221.1229839477539,238.48414764404296,193.38,1.503474121093717
2026-09-16T09:26:16.397938+00:00,2026-09-17 21:00:00+00:00,2026-09-17 00:00:00+02:00,23,N-HiTS,179.88925720214843,138.05123028564455,153.96990368652345,165.9576968688965,170.6928335571289,179.88925720214843,186.2168536987305,196.86286618042,204.54617120361328,223.63861236572265,179.37,0.5192572021484239
2026-09-17T09:52:15.999749+00:00,2026-09-17 22:00:00+00:00,2026-09-18 00:00:00+02:00,0,N-HiTS,168.515615234375,153.32063946533205,162.57503674316408,165.78344149780276,167.96086944580077,168.515615234375,175.3588062133789,175.81431271362305,181.47794915771485,185.27118072509765,139.24,29.275615234374982
2026-09-17T09:52:15.999749+00:00,2026-09-17 23:00:00+00:00,2026-09-18 00:00:00+02:00,1,N-HiTS,166.44284606933593,140.47408184814455,151.22353527832033,158.29712863159182,163.76865447998046,166.44284606933593,170.50416143798827,173.91608883666993,176.43301202392578,177.34185943603515,130.44,36.00284606933593
2026-09-17T09:52:15.999749+00:00,2026-09-18 00:00:00+00:00,2026-09-18 00:00:00+02:00,2,N-HiTS,160.27397705078124,135.08016094970705,145.87476513671876,154.00966830444338,158.56430877685546,160.27397705078124,166.9370990600586,169.0920837097168,174.75802423095703,177.2263961791992,129.51,30.76397705078125
2026-09-17T09:52:15.999749+00:00,2026-09-18 01:00:00+00:00,2026-09-18 00:00:00+02:00,3,N-HiTS,158.12009216308593,131.95711407470705,142.93413708496095,147.63822360229494,153.20600189208983,158.12009216308593,164.24299200439452,167.06513668823243,168.05583001708985,174.0130172729492,130.18,27.94009216308592
2026-09-17T09:52:15.999749+00:00,2026-09-18 02:00:00+00:00,2026-09-18 00:00:00+02:00,4,N-HiTS,156.54819274902343,131.68150982666018,145.03525708007814,148.4028110046387,156.54819274902343,156.70652069091796,161.05085333251952,166.993496673584,168.8200054321289,177.01413116455078,131.11,25.438192749023415
2026-09-17T09:52:15.999749+00:00,2026-09-18 03:00:00+00:00,2026-09-18 00:00:00+02:00,5,N-HiTS,174.9098565673828,153.37976727294924,166.24114392089845,167.63305087280276,172.09148468017577,174.9098565673828,179.68804510498046,185.65643002319337,188.28271295166016,198.15350494384765,146.64,28.269856567382817
2026-09-17T09:52:15.999749+00:00,2026-09-18 04:00:00+00:00,2026-09-18 00:00:00+02:00,6,N-HiTS,198.94478393554687,169.36736187744145,184.3959901123047,185.1901797790528,198.76792205810543,198.94478393554687,203.6371265258789,212.96726681518555,218.37521173095703,237.9473892211914,186.01,12.934783935546875
2026-09-17T09:52:15.999749+00:00,2026-09-18 05:00:00+00:00,2026-09-18 00:00:00+02:00,7,N-HiTS,215.02901245117187,174.14794049072268,190.9310090332032,202.13106723022463,208.94495452880847,215.02901245117187,221.17219122314447,230.31309201049805,237.1061382446289,254.6192489624024,211.36,3.6690124511718523
2026-09-17T09:52:15.999749+00:00,2026-09-18 06:00:00+00:00,2026-09-18 00:00:00+02:00,8,N-HiTS,198.11560607910155,159.98314556884768,172.3116853027344,184.27027316284185,191.99964202880847,198.11560607910155,212.71094854736327,215.38764645385743,220.98795892333985,240.2836929321289,205.0,6.884393920898447
2026-09-17T09:52:15.999749+00:00,2026-09-18 07:00:00+00:00,2026-09-18 00:00:00+02:00,9,N-HiTS,165.60823608398437,122.97098431396486,136.12610791015626,153.7596988220215,160.79139007568358,165.60823608398437,174.5104938354492,182.4765899353028,188.0362682495117,201.4161544799805,162.61,2.9982360839843523
2026-09-17T09:52:15.999749+00:00,2026-09-18 08:00:00+00:00,2026-09-18 00:00:00+02:00,10,N-HiTS,128.7413003540039,81.28478131103518,97.88871929931642,109.648248626709,123.5842672729492,128.7413003540039,140.7722125854492,149.5481383972168,154.8956890258789,165.92715606689453,95.97,32.7713003540039
2026-09-17T09:52:15.999749+00:00,2026-09-18 09:00:00+00:00,2026-09-18 00:00:00+02:00,11,N-HiTS,101.00504852294922,41.66132244873049,62.19545910644533,77.1381930847168,88.23899139404296,101.00504852294922,111.90520819091796,125.17960812377927,132.44759942626953,143.4390426635742,42.4,58.605048522949225
2026-09-17T09:52:15.999749+00:00,2026-09-18 10:00:00+00:00,2026-09-18 00:00:00+02:00,12,N-HiTS,82.3550927734375,16.318777893066425,32.56205151367189,55.56942172241212,73.22343505859374,82.3550927734375,92.61330755615236,107.45769955444337,119.7462215576172,132.47316131591796,6.26,76.0950927734375
2026-09-17T09:52:15.999749+00:00,2026-09-18 11:00:00+00:00,2026-09-18 00:00:00+02:00,13,N-HiTS,73.22459197998047,-2.977242614746075,26.639154174804705,43.726526214599616,59.10212005615233,73.22459197998047,82.50275,98.176731842041,109.83451654052736,123.6549087524414,0.14,73.08459197998047
2026-09-17T09:52:15.999749+00:00,2026-09-18 12:00:00+00:00,2026-09-18 00:00:00+02:00,14,N-HiTS,69.99489379882813,-1.0686732788085749,25.41452954101564,40.98394198608399,59.481300964355455,69.99489379882813,81.42732580566407,99.88957669067382,106.004720703125,122.9528823852539,0.0,69.99489379882813
2026-09-17T09:52:15.999749+00:00,2026-09-18 13:00:00+00:00,2026-09-18 00:00:00+02:00,15,N-HiTS,82.68743682861329,17.884466979980488,40.74892590332033,59.329004241943366,74.27230133056639,82.68743682861329,92.2888599243164,108.34628750610352,112.5437603149414,128.03789672851562,3.03,79.65743682861329
2026-09-17T09:52:15.999749+00:00,2026-09-18 14:00:00+00:00,2026-09-18 00:00:00+02:00,16,N-HiTS,113.07871032714844,56.2978733520508,78.0765321044922,91.28834719848632,104.5140768432617,113.07871032714844,123.1109500732422,129.74335934448243,135.08956719970703,150.5506607055664,30.76,82.31871032714844
2026-09-17T09:52:15.999749+00:00,2026-09-18 15:00:00+00:00,2026-09-18 00:00:00+02:00,17,N-HiTS,163.04636169433593,110.60909924316408,132.7101228027344,139.04468722534182,153.35540069580077,163.04636169433593,171.30536993408202,177.7606628112793,183.7693920288086,205.4644790649414,97.91,65.13636169433593
2026-09-17T09:52:15.999749+00:00,2026-09-18 16:00:00+00:00,2026-09-18 00:00:00+02:00,18,N-HiTS,217.5801141357421,163.99288067626955,185.3436219482422,193.8322085876465,207.0212026977539,217.5801141357421,228.74067266845705,235.1083648376465,243.37597467041016,264.94612274169924,180.1,37.4801141357421
2026-09-17T09:52:15.999749+00:00,2026-09-18 17:00:00+00:00,2026-09-18 00:00:00+02:00,19,N-HiTS,247.9778039550781,194.2284763793945,212.67299816894533,222.30268283081057,236.39447845458983,247.9778039550781,253.2481036987305,271.31699826049805,282.2105999145508,306.3066879272461,192.72,55.25780395507809
2026-09-17T09:52:15.999749+00:00,2026-09-18 18:00:00+00:00,2026-09-18 00:00:00+02:00,20,N-HiTS,236.35410095214843,193.7329166870117,208.6385590820313,215.2389621276856,226.37268890380847,236.35410095214843,242.4746661987305,257.5766723327637,268.51534844970706,293.8106552124024,194.99,41.36410095214842
2026-09-17T09:52:15.999749+00:00,2026-09-18 19:00:00+00:00,2026-09-18 00:00:00+02:00,21,N-HiTS,204.36037231445312,168.12471661376955,187.89095471191408,191.2437991638184,200.64452423095705,204.36037231445312,213.8852954711914,220.9154174499512,227.96487237548828,243.4565139770508,178.43,25.93037231445311
2026-09-17T09:52:15.999749+00:00,2026-09-18 20:00:00+00:00,2026-09-18 00:00:00+02:00,22,N-HiTS,189.68544555664064,144.7917240600586,164.64156506347658,171.98731417846682,182.66326202392577,189.68544555664064,189.71474798583984,198.0904674682617,198.63885189819337,208.6281295776367,163.18,26.505445556640638
2026-09-17T09:52:15.999749+00:00,2026-09-18 21:00:00+00:00,2026-09-18 00:00:00+02:00,23,N-HiTS,173.4190118408203,129.6193073730469,153.03151867675783,160.43258090209963,169.8774038696289,173.4190118408203,181.2517505493164,181.75596310424805,182.2469310913086,191.30972442626955,134.65,38.7690118408203
2026-09-18T09:08:01.647588+00:00,2026-09-18 22:00:00+00:00,2026-09-19 00:00:00+02:00,0,N-HiTS,123.3229653930664,99.4874485473633,111.33665631103516,118.03707308959962,118.14391387939452,120.98459967041016,123.3229653930664,123.86941983032226,128.7745189819336,140.7415328979492,103.39,19.932965393066397
2026-09-18T09:08:01.647588+00:00,2026-09-18 23:00:00+00:00,2026-09-19 00:00:00+02:00,1,N-HiTS,112.28557373046876,78.67713818359377,95.67315838623048,100.98228640747072,105.84887756347656,112.28557373046876,112.47766455078126,116.05682827758788,126.95978356933594,139.6249252319336,79.53,32.755573730468754
2026-09-18T09:08:01.647588+00:00,2026-09-19 00:00:00+00:00,2026-09-19 00:00:00+02:00,2,N-HiTS,107.24037719726564,64.01837048339846,83.5158631591797,88.37484164428712,97.16614593505858,107.24037719726564,112.84548529052736,117.08340145874024,120.0844555053711,134.09047088623046,59.23,48.01037719726565
2026-09-18T09:08:01.647588+00:00,2026-09-19 01:00:00+00:00,2026-09-19 00:00:00+02:00,3,N-HiTS,103.5524575805664,59.54440960693361,77.09790966796876,84.57208438110352,99.89108337402342,103.5524575805664,109.77672918701172,119.2477538757324,121.06583978271485,133.91739044189453,31.89,71.6624575805664
2026-09-18T09:08:01.647588+00:00,2026-09-19 02:00:00+00:00,2026-09-19 00:00:00+02:00,4,N-HiTS,107.0098245239258,59.55548748779299,82.86433575439455,91.27477450561524,101.52928222656249,107.0098245239258,111.78444250488282,119.4107635192871,125.83276177978516,136.03505096435546,35.79,71.21982452392581
2026-09-18T09:08:01.647588+00:00,2026-09-19 03:00:00+00:00,2026-09-19 00:00:00+02:00,5,N-HiTS,111.67183471679688,63.24285015869143,89.05002758789064,99.79268069458008,108.04251159667967,111.67183471679688,122.83518560791016,132.03159786987305,133.68887139892578,148.23558197021484,35.79,75.88183471679687
2026-09-18T09:08:01.647588+00:00,2026-09-19 04:00:00+00:00,2026-09-19 00:00:00+02:00,6,N-HiTS,126.45515991210938,67.52886090087893,92.04342053222658,105.50720401000976,118.8008657836914,126.45515991210938,128.8880573120117,141.67622067260743,148.59945489501953,166.99493560791015,42.74,83.71515991210939
2026-09-18T09:08:01.647588+00:00,2026-09-19 05:00:00+00:00,2026-09-19 00:00:00+02:00,7,N-HiTS,125.85019470214844,55.95104870605471,86.11701367187501,97.51518435668946,108.19725097656249,125.85019470214844,127.75298651123047,141.35288693237305,149.20828057861328,165.77459869384765,42.14,83.71019470214844
2026-09-18T09:08:01.647588+00:00,2026-09-19 06:00:00+00:00,2026-09-19 00:00:00+02:00,8,N-HiTS,98.17904449462893,38.92551312255861,64.45585034179689,78.30639071655274,92.78940643310546,98.17904449462893,115.78834112548827,125.7065398864746,134.88558770751953,147.01991424560546,31.0,67.17904449462893
2026-09-18T09:08:01.647588+00:00,2026-09-19 07:00:00+00:00,2026-09-19 00:00:00+02:00,9,N-HiTS,66.07552124023438,-4.0584498901367,29.82160351562501,46.96636386108399,56.39704193115233,66.07552124023438,83.6583896484375,98.58770443725584,110.68890954589844,127.05931243896484,6.55,59.52552124023438
2026-09-18T09:08:01.647588+00:00,2026-09-19 08:00:00+00:00,2026-09-19 00:00:00+02:00,10,N-HiTS,38.85373474121094,-58.28667559814451,-20.620306274414048,14.195459320068366,20.87989105224608,38.85373474121094,56.79142340087891,63.54315640258788,86.22630883789063,112.47672424316406,0.0,38.85373474121094
2026-09-18T09:08:01.647588+00:00,2026-09-19 09:00:00+00:00,2026-09-19 00:00:00+02:00,11,N-HiTS,6.218068847656255,-99.9006129760742,-58.66371752929686,-31.68697171020507,-13.93730865478517,6.218068847656255,24.711238464355475,40.20528866577148,63.57107354736328,88.22966918945312,-0.31,6.528068847656255
2026-09-18T09:08:01.647588+00:00,2026-09-19 10:00:00+00:00,2026-09-19 00:00:00+02:00,12,N-HiTS,-21.19036315917968,-142.20142474365232,-95.4934904785156,-67.11855130004882,-38.3273538208008,-21.19036315917968,-0.5199016723632752,17.101162689208977,38.56666375732422,61.40125427246093,-0.75,20.44036315917968
2026-09-18T09:08:01.647588+00:00,2026-09-19 11:00:00+00:00,2026-09-19 00:00:00+02:00,13,N-HiTS,-39.263193359375,-165.00870623779295,-114.4654143066406,-75.73067288208007,-53.60936676025392,-39.263193359375,-12.7661480102539,-0.835009796142586,28.46075250244141,51.7175308227539,-1.26,38.003193359375004
2026-09-18T09:08:01.647588+00:00,2026-09-19 12:00:00+00:00,2026-09-19 00:00:00+02:00,14,N-HiTS,-34.26153015136718,-158.28519549560545,-103.179861328125,-77.02760891723632,-46.65416656494142,-34.26153015136718,-9.0504497680664,11.829708831787102,27.12647821044922,58.46154174804687,-1.3,32.961530151367185
2026-09-18T09:08:01.647588+00:00,2026-09-19 13:00:00+00:00,2026-09-19 00:00:00+02:00,15,N-HiTS,-7.951242675781245,-118.80973162841796,-75.02846362304686,-45.48560147094726,-18.68958221435548,-7.951242675781245,15.673335632324225,27.4786346130371,46.78848077392578,71.01228485107421,-1.68,6.271242675781245
2026-09-18T09:08:01.647588+00:00,2026-09-19 14:00:00+00:00,2026-09-19 00:00:00+02:00,16,N-HiTS,39.36639953613282,-53.485665466308575,-13.715368530273423,0.963586761474616,25.11780609130858,39.36639953613282,55.30398138427735,68.07601620483398,83.142416015625,100.70552978515624,-0.05,39.416399536132815
2026-09-18T09:08:01.647588+00:00,2026-09-19 15:00:00+00:00,2026-09-19 00:00:00+02:00,17,N-HiTS,105.34345794677736,17.457144592285175,55.25457928466798,68.28465457153321,88.13571228027342,105.34345794677736,118.01732977294922,126.9498489074707,142.32768060302735,163.1483627319336,8.3,97.04345794677737
2026-09-18T09:08:01.647588+00:00,2026-09-19 16:00:00+00:00,2026-09-19 00:00:00+02:00,18,N-HiTS,170.2979638671875,91.33814129638674,124.2314393310547,140.14783663940432,156.24828399658202,170.2979638671875,181.8259692993164,194.21714474487305,204.1049175415039,222.3983016967773,65.46,104.8379638671875
2026-09-18T09:08:01.647588+00:00,2026-09-19 17:00:00+00:00,2026-09-19 00:00:00+02:00,19,N-HiTS,209.05449462890624,134.28665814208986,169.27185986328126,177.56836886596682,196.7583242797852,209.05449462890624,220.8919330444336,237.1384704284668,249.04997064208985,267.9457260131836,120.78,88.27449462890624
2026-09-18T09:08:01.647588+00:00,2026-09-19 18:00:00+00:00,2026-09-19 00:00:00+02:00,20,N-HiTS,218.40564514160155,150.06107220458986,180.16010449218751,189.15734286499023,202.6426168823242,218.40564514160155,226.0232196655273,242.55769039917,250.9352092895508,275.5538803100586,114.8,103.60564514160156
2026-09-18T09:08:01.647588+00:00,2026-09-19 19:00:00+00:00,2026-09-19 00:00:00+02:00,21,N-HiTS,197.45564819335937,141.40198406982424,171.1423280029297,173.18746371459963,188.5862203979492,197.45564819335937,208.64655645751952,220.65884091186524,230.4993724975586,243.09449920654296,89.97,107.48564819335937
2026-09-18T09:08:01.647588+00:00,2026-09-19 20:00:00+00:00,2026-09-19 00:00:00+02:00,22,N-HiTS,179.07803894042968,121.81246075439456,147.91317150878908,155.07421298217776,166.4126364135742,179.07803894042968,186.22764166259765,195.5866973571777,207.6548900756836,220.57705841064453,83.6,95.47803894042968
2026-09-18T09:08:01.647588+00:00,2026-09-19 21:00:00+00:00,2026-09-19 00:00:00+02:00,23,N-HiTS,165.0914971923828,103.2473362426758,126.9098298339844,142.23262973022463,149.10619415283202,165.0914971923828,173.07369573974609,189.79800106811524,192.21574212646485,205.5275436401367,78.37,86.7214971923828
2026-09-19T08:55:59.285993+00:00,2026-09-19 22:00:00+00:00,2026-09-20 00:00:00+02:00,0,N-HiTS,71.40897918701172,42.94748577880861,54.10154888916017,60.437456085205085,62.09608520507811,71.40897918701172,74.55574377441407,83.49803735351563,83.82354428100585,91.93047485351562,15.79,55.618979187011725
2026-09-19T08:55:59.285993+00:00,2026-09-19 23:00:00+00:00,2026-09-20 00:00:00+02:00,1,N-HiTS,57.66232086181641,20.744070861816425,35.5527283935547,43.90770907592774,49.06906188964842,57.66232086181641,65.53873785400391,73.34013940429688,74.89119412231445,86.2053466796875,12.86,44.80232086181641
2026-09-19T08:55:59.285993+00:00,2026-09-20 00:00:00+00:00,2026-09-20 00:00:00+02:00,2,N-HiTS,47.75199676513672,-4.109307434082012,20.07366345214845,33.573633148193366,38.37767852783202,47.75199676513672,59.36542089843751,63.54727627563476,68.23693658447266,84.04945526123046,10.0,37.75199676513672
2026-09-19T08:55:59.285993+00:00,2026-09-20 01:00:00+00:00,2026-09-20 00:00:00+02:00,3,N-HiTS,43.19143463134766,-14.628365661621077,6.790200927734389,25.61995883178712,37.72242034912108,43.19143463134766,56.73237951660157,58.319477813720695,69.17333795166016,84.56858978271484,7.81,35.38143463134766
2026-09-19T08:55:59.285993+00:00,2026-09-20 02:00:00+00:00,2026-09-20 00:00:00+02:00,4,N-HiTS,42.67543579101563,-17.559029724121075,11.528924682617202,26.167856170654304,35.68634857177733,42.67543579101563,56.411441406250006,63.54819943237304,70.08961297607422,91.6514450073242,9.0,33.67543579101563
2026-09-19T08:55:59.285993+00:00,2026-09-20 03:00:00+00:00,2026-09-20 00:00:00+02:00,5,N-HiTS,49.24094177246094,-16.874337341308575,11.470788696289077,32.743860198974616,42.22310699462889,49.24094177246094,63.64975317382813,70.36219479370116,76.1928310546875,96.72431335449218,10.01,39.230941772460945
2026-09-19T08:55:59.285993+00:00,2026-09-20 04:00:00+00:00,2026-09-20 00:00:00+02:00,6,N-HiTS,51.86239410400391,-18.392724182128887,17.535943725585952,34.22104830932618,45.07438720703124,51.86239410400391,70.02231176757813,76.18572689819335,86.805501953125,102.6387496948242,10.0,41.86239410400391
2026-09-19T08:55:59.285993+00:00,2026-09-20 05:00:00+00:00,2026-09-20 00:00:00+02:00,7,N-HiTS,55.50571990966797,-22.175423767089825,16.660104492187514,31.833810760498054,42.475372924804674,55.50571990966797,66.7182041015625,80.21251370239257,90.31892205810549,110.9583297729492,12.27,43.235719909667964
2026-09-19T08:55:59.285993+00:00,2026-09-20 06:00:00+00:00,2026-09-20 00:00:00+02:00,8,N-HiTS,51.43477416992188,-26.581429626464825,10.57523510742189,24.97954745483399,38.75942291259764,51.43477416992188,61.302180847167975,74.59051968383788,90.00333215332032,110.99580535888671,9.84,41.59477416992188
2026-09-19T08:55:59.285993+00:00,2026-09-20 07:00:00+00:00,2026-09-20 00:00:00+02:00,9,N-HiTS,38.53761840820313,-53.578438903808575,-7.394476196289048,14.070154144287116,25.04746307373045,38.53761840820313,52.344905456542975,72.97182919311523,89.87891961669922,107.30159912109374,3.66,34.87761840820313
2026-09-19T08:55:59.285993+00:00,2026-09-20 08:00:00+00:00,2026-09-20 00:00:00+02:00,10,N-HiTS,22.9997918701172,-80.38207354736326,-34.86496569824217,0.6359347839355536,6.707314147949205,22.9997918701172,38.4696918334961,64.91508175659179,77.47982598876953,103.4855972290039,-0.01,23.0097918701172
2026-09-19T08:55:59.285993+00:00,2026-09-20 09:00:00+00:00,2026-09-20 00:00:00+02:00,11,N-HiTS,3.799978027343755,-105.58573260498044,-62.327688476562486,-30.707387969970696,-13.722846374511732,3.799978027343755,28.1141010131836,48.17489315795898,65.12668420410157,89.17821655273437,-0.11,3.909978027343755
2026-09-19T08:55:59.285993+00:00,2026-09-20 10:00:00+00:00,2026-09-20 00:00:00+02:00,12,N-HiTS,-5.829172363281245,-137.98758807373045,-84.87367846679686,-49.05939297485351,-26.938239440917982,-5.829172363281245,12.578990539550787,32.55938412475585,49.84881402587891,75.98480377197265,-1.16,4.669172363281245
2026-09-19T08:55:59.285993+00:00,2026-09-20 11:00:00+00:00,2026-09-20 00:00:00+02:00,13,N-HiTS,-20.31217407226562,-164.29261126708982,-97.602224609375,-67.03244595336913,-41.53806243896486,-20.31217407226562,-0.3334850463867127,18.368542449951164,43.75829888916016,61.26447448730468,-1.98,18.33217407226562
2026-09-19T08:55:59.285993+00:00,2026-09-20 12:00:00+00:00,2026-09-20 00:00:00+02:00,14,N-HiTS,-24.012949218749995,-151.92340960693355,-93.24291064453124,-65.05478482055663,-45.14369903564455,-24.012949218749995,-1.0427440795898375,13.886639373779287,29.40472222900391,57.53267059326171,-1.94,22.072949218749994
2026-09-19T08:55:59.285993+00:00,2026-09-20 13:00:00+00:00,2026-09-20 00:00:00+02:00,15,N-HiTS,-12.272852172851556,-129.4024440307617,-80.14180590820311,-51.6501369934082,-26.66527496337892,-12.272852172851556,10.883601745605477,16.98679806518554,43.40585137939453,61.18100128173828,-1.24,11.032852172851555
2026-09-19T08:55:59.285993+00:00,2026-09-20 14:00:00+00:00,2026-09-20 00:00:00+02:00,16,N-HiTS,24.970693359375005,-85.54596820068357,-43.48822619628905,-15.00086026000976,14.399513854980457,24.970693359375005,35.90041693115235,48.52274014282226,68.73590661621094,86.59640655517578,-0.09,25.060693359375005
2026-09-19T08:55:59.285993+00:00,2026-09-20 15:00:00+00:00,2026-09-20 00:00:00+02:00,17,N-HiTS,72.00497985839844,-18.452111389160137,13.205224731445329,38.37282748413087,62.551125183105455,72.00497985839844,85.5623203125,97.46971585083008,120.15727044677736,134.5086227416992,2.68,69.32497985839844
2026-09-19T08:55:59.285993+00:00,2026-09-20 16:00:00+00:00,2026-09-20 00:00:00+02:00,18,N-HiTS,125.61391998291016,48.220084045410175,75.20861981201173,98.63228793334962,114.02341522216796,125.61391998291016,142.32760198974609,153.85546566772462,172.3395824584961,188.36044464111328,50.41,75.20391998291016
2026-09-19T08:55:59.285993+00:00,2026-09-20 17:00:00+00:00,2026-09-20 00:00:00+02:00,19,N-HiTS,164.32047058105468,92.85723004150393,118.30852673339844,141.6677035827637,159.37485565185546,164.32047058105468,183.0870776977539,193.4364440612793,214.8843364868164,233.5393844604492,82.31,82.01047058105468
2026-09-19T08:55:59.285993+00:00,2026-09-20 18:00:00+00:00,2026-09-20 00:00:00+02:00,20,N-HiTS,182.31628967285155,96.13378033447268,130.410958984375,149.3823031921387,160.21147979736327,182.31628967285155,189.1443286743164,201.8955505065918,223.59435845947263,238.11087188720705,86.65,95.66628967285155
2026-09-19T08:55:59.285993+00:00,2026-09-20 19:00:00+00:00,2026-09-20 00:00:00+02:00,21,N-HiTS,167.60542846679687,88.08894238281252,122.83528302001956,135.73415560913088,152.62499298095702,167.60542846679687,173.90952642822265,185.22031857299805,204.04775811767576,218.4327560424805,75.65,91.95542846679686
2026-09-19T08:55:59.285993+00:00,2026-09-20 20:00:00+00:00,2026-09-20 00:00:00+02:00,22,N-HiTS,149.45696044921874,72.28398785400393,105.48028729248048,117.69199557495118,134.29369415283202,149.45696044921874,153.77784307861327,163.948818939209,184.9893169555664,196.9675003051757,71.32,78.13696044921875
2026-09-19T08:55:59.285993+00:00,2026-09-20 21:00:00+00:00,2026-09-20 00:00:00+02:00,23,N-HiTS,133.12003112792968,60.89411053466799,92.0992142944336,105.01786990356446,122.6521383666992,133.12003112792968,145.99215277099609,156.534756439209,172.30506707763672,186.0367599487305,58.34,74.78003112792967
2026-09-20T09:25:16.541316+00:00,2026-09-20 22:00:00+00:00,2026-09-21 00:00:00+02:00,0,N-HiTS,42.401174316406255,-12.4301539916992,13.40140698242189,20.24819369506837,24.77509368896483,42.401174316406255,46.81601293945313,49.35112454223632,52.86279107666016,68.42709503173828,46.77,4.368825683593748
2026-09-20T09:25:16.541316+00:00,2026-09-20 23:00:00+00:00,2026-09-21 00:00:00+02:00,1,N-HiTS,31.824819335937505,-32.72924151611326,-0.1980192871093606,7.318475677490241,14.651833190917957,31.824819335937505,41.86085852050782,46.23002316284179,50.57976342773438,62.822778320312494,42.59,10.765180664062498
2026-09-20T09:25:16.541316+00:00,2026-09-21 00:00:00+00:00,2026-09-21 00:00:00+02:00,2,N-HiTS,24.399755249023443,-51.26191058349608,-18.274282714843736,-3.2753200988769464,13.558083190917957,24.399755249023443,36.2494769897461,43.59732510375976,46.85063745117188,60.75819549560546,39.35,14.950244750976559
2026-09-20T09:25:16.541316+00:00,2026-09-21 01:00:00+00:00,2026-09-21 00:00:00+02:00,3,N-HiTS,18.41158081054688,-51.99782672119139,-18.58955981445311,-7.032659576416009,8.878899230957018,18.41158081054688,30.02236517333985,44.31350399780273,47.99622918701172,62.075708007812494,39.94,21.528419189453118
2026-09-20T09:25:16.541316+00:00,2026-09-21 02:00:00+00:00,2026-09-21 00:00:00+02:00,4,N-HiTS,27.47060180664063,-35.52628436279295,-16.796026489257798,8.200036956787116,15.81232513427733,27.47060180664063,40.12712438964844,50.07906796264648,63.02978326416016,77.54216918945312,41.93,14.45939819335937
2026-09-20T09:25:16.541316+00:00,2026-09-21 03:00:00+00:00,2026-09-21 00:00:00+02:00,5,N-HiTS,72.245595703125,5.873053405761738,24.171395996093764,50.29979891967774,65.14089263916014,72.245595703125,74.78533514404297,89.89944149780273,103.18572808837892,118.12569580078124,58.82,13.425595703125005
2026-09-20T09:25:16.541316+00:00,2026-09-21 04:00:00+00:00,2026-09-21 00:00:00+02:00,6,N-HiTS,135.93799377441405,58.84158978271486,89.24748394775392,106.66497225952148,118.4519201660156,134.15113409423827,135.93799377441405,151.01466061401368,169.82221795654297,188.66586456298828,123.86,12.077993774414054
2026-09-20T09:25:16.541316+00:00,2026-09-21 05:00:00+00:00,2026-09-21 00:00:00+02:00,7,N-HiTS,175.2730157470703,97.0644978027344,130.52495739746095,147.79383273315432,160.5398794555664,175.2730157470703,179.87302740478515,202.73603512573243,214.5012188110352,245.909196472168,178.11,2.8369842529297102
2026-09-20T09:25:16.541316+00:00,2026-09-21 06:00:00+00:00,2026-09-21 00:00:00+02:00,8,N-HiTS,163.75034118652343,98.60130963134768,128.14648602294923,142.56043429565432,163.48053802490233,163.75034118652343,183.57014044189447,201.09156491088868,208.9124736938477,239.5491806030273,178.68,14.929658813476578
2026-09-20T09:25:16.541316+00:00,2026-09-21 07:00:00+00:00,2026-09-21 00:00:00+02:00,9,N-HiTS,140.79770446777343,66.07693371582033,95.4935700683594,114.9995212097168,126.18239654541014,140.79770446777343,148.30074652099609,167.111904876709,177.3359203491211,200.3179794311524,83.07,57.727704467773435
2026-09-20T09:25:16.541316+00:00,2026-09-21 08:00:00+00:00,2026-09-21 00:00:00+02:00,10,N-HiTS,107.9173486328125,24.637503479003925,61.34631512451173,81.69246859741212,100.93734802246092,107.9173486328125,122.42781408691408,133.33335568237305,144.15446282958985,170.71063385009765,33.84,74.0773486328125
2026-09-20T09:25:16.541316+00:00,2026-09-21 09:00:00+00:00,2026-09-21 00:00:00+02:00,11,N-HiTS,86.0048959350586,-12.280999328613262,34.771310546875014,53.41517825317384,70.42235626220702,86.0048959350586,98.89648016357422,109.97806240844726,129.45297052001953,155.09710845947265,8.91,77.0948959350586
2026-09-20T09:25:16.541316+00:00,2026-09-21 10:00:00+00:00,2026-09-21 00:00:00+02:00,12,N-HiTS,66.70912719726563,-29.02669635009764,5.210122802734389,23.35869784545899,50.09375823974608,66.70912719726563,90.37073095703126,99.42849423217773,115.8064556274414,148.8232894897461,0.2,66.50912719726563
2026-09-20T09:25:16.541316+00:00,2026-09-21 11:00:00+00:00,2026-09-21 00:00:00+02:00,13,N-HiTS,55.66701293945313,-47.85848345947264,-5.370123168945298,11.041635467529304,40.616493835449205,55.66701293945313,74.50113256835938,87.18641354370116,105.75200463867188,139.64991912841796,0.0,55.66701293945313
2026-09-20T09:25:16.541316+00:00,2026-09-21 12:00:00+00:00,2026-09-21 00:00:00+02:00,14,N-HiTS,59.59792114257813,-53.7475368041992,-4.784490844726548,18.89115328979493,39.07735504150389,59.59792114257813,74.44055517578126,85.24233700561523,104.59681512451172,136.7382827758789,0.01,59.58792114257813
2026-09-20T09:25:16.541316+00:00,2026-09-21 13:00:00+00:00,2026-09-21 00:00:00+02:00,15,N-HiTS,70.04760528564454,-36.02315631103514,5.443322875976577,26.148569061279304,54.21891082763671,70.04760528564454,81.98810919189454,94.12824703979491,108.20609857177736,140.65005645751953,1.4,68.64760528564453
2026-09-20T09:25:16.541316+00:00,2026-09-21 14:00:00+00:00,2026-09-21 00:00:00+02:00,16,N-HiTS,102.93947387695312,2.765921447753925,38.8356873779297,61.33382601928712,86.35308135986327,102.93947387695312,104.18390234375,116.11733700561524,141.7188549194336,162.15379486083984,28.58,74.35947387695312
2026-09-20T09:25:16.541316+00:00,2026-09-21 15:00:00+00:00,2026-09-21 00:00:00+02:00,17,N-HiTS,143.48177124023437,54.92748150634768,91.3670594482422,115.11210055541991,128.62270416259764,143.48177124023437,146.67287786865234,162.97398068237305,189.7083721313477,211.6668106079101,107.19,36.29177124023437
2026-09-20T09:25:16.541316+00:00,2026-09-21 16:00:00+00:00,2026-09-21 00:00:00+02:00,18,N-HiTS,190.586904296875,117.94341168212893,144.80007336425783,165.372369720459,181.14435638427733,190.586904296875,205.79890020751952,220.8031432800293,242.80445672607425,277.02427825927737,212.43,21.843095703125016
2026-09-20T09:25:16.541316+00:00,2026-09-21 17:00:00+00:00,2026-09-21 00:00:00+02:00,19,N-HiTS,228.8810327148437,147.10469708251955,173.18457958984376,196.1134128112793,213.70324005126952,228.8810327148437,237.51717718505856,256.25584103393555,284.2506389770508,318.605729675293,242.98,14.098967285156277
2026-09-20T09:25:16.541316+00:00,2026-09-21 18:00:00+00:00,2026-09-21 00:00:00+02:00,20,N-HiTS,224.3039453125,146.19109234619145,171.6519715576172,195.0053500671387,203.4689108276367,224.3039453125,227.8564716186524,259.1969726257324,274.8565960083008,306.918229675293,241.03,16.72605468750001
2026-09-20T09:25:16.541316+00:00,2026-09-21 19:00:00+00:00,2026-09-21 00:00:00+02:00,21,N-HiTS,192.923314819336,116.925848815918,145.23203442382814,167.07848544311526,176.6634909057617,192.923314819336,206.6135669555664,222.9984252624512,235.04255487060547,265.6442123413086,217.76,24.836685180663977
2026-09-20T09:25:16.541316+00:00,2026-09-21 20:00:00+00:00,2026-09-21 00:00:00+02:00,22,N-HiTS,156.550771484375,80.64671215820314,111.2912537841797,132.22120089721682,144.9390036010742,156.550771484375,170.0292926635742,191.48212887573243,204.88302423095703,217.7022567749024,205.72,49.16922851562501
2026-09-20T09:25:16.541316+00:00,2026-09-21 21:00:00+00:00,2026-09-21 00:00:00+02:00,23,N-HiTS,130.22951293945312,50.38398632812502,84.29795239257814,106.33283419799804,121.39149536132813,130.22951293945312,154.7766071166992,167.4348571472168,180.09095574951172,190.87233123779296,185.2,54.97048706054687
2026-09-22T08:33:40.233664+00:00,2026-09-22 22:00:00+00:00,2026-09-23 00:00:00+02:00,0,N-HiTS,188.38123107910155,160.72160992431645,173.60962841796876,176.06446261596682,180.01577056884764,188.38123107910155,193.1848102416992,196.0575072937012,206.05325128173828,217.3064437866211,188.96,0.5787689208984546
2026-09-22T08:33:40.233664+00:00,2026-09-22 23:00:00+00:00,2026-09-23 00:00:00+02:00,1,N-HiTS,169.0691583251953,143.08985028076174,151.79175732421876,157.67003817749026,168.24816192626952,169.0691583251953,180.5434528198242,187.5557220153809,191.82272149658203,203.95253143310543,177.34,8.2708416748047
2026-09-22T08:33:40.233664+00:00,2026-09-23 00:00:00+00:00,2026-09-23 00:00:00+02:00,2,N-HiTS,166.92624450683593,140.85594830322268,149.43821118164064,157.7714175720215,160.94533599853514,166.92624450683593,174.1855426635742,183.1330993347168,186.9967327270508,203.10389862060543,176.48,9.553755493164061
2026-09-22T08:33:40.233664+00:00,2026-09-23 01:00:00+00:00,2026-09-23 00:00:00+02:00,3,N-HiTS,154.57732177734374,130.52352795410158,140.56289074707033,146.92667575073244,151.83281768798827,154.57732177734374,162.38186224365234,170.18281246948243,174.0751323852539,184.14346466064453,176.85,22.272678222656253
2026-09-22T08:33:40.233664+00:00,2026-09-23 02:00:00+00:00,2026-09-23 00:00:00+02:00,4,N-HiTS,149.87175537109374,127.4072712402344,135.330880859375,136.65328402709963,147.02626861572264,149.87175537109374,155.57679327392577,162.67458798217774,166.62704278564453,178.4203353881836,175.95,26.078244628906248
2026-09-22T08:33:40.233664+00:00,2026-09-23 03:00:00+00:00,2026-09-23 00:00:00+02:00,5,N-HiTS,183.57785583496093,164.9002445678711,168.48642895507814,173.23005099487307,182.058830871582,183.57785583496093,193.51572760009765,199.37546994018555,212.81747247314453,223.3090377807617,198.62,15.042144165039076
2026-09-22T08:33:40.233664+00:00,2026-09-23 04:00:00+00:00,2026-09-23 00:00:00+02:00,6,N-HiTS,240.3997247314453,205.15300640869145,223.5970246582032,224.405572845459,235.8141256713867,240.3997247314453,259.53200872802734,262.6942260437012,277.8364238891602,298.7984481811524,300.0,59.6002752685547
2026-09-22T08:33:40.233664+00:00,2026-09-23 05:00:00+00:00,2026-09-23 00:00:00+02:00,7,N-HiTS,281.0318963623047,227.58495220947268,252.3754060058594,266.3792819519043,277.00754608154296,281.0318963623047,301.7470661010742,312.8995788269043,330.41110040283206,366.62571868896487,346.08,65.0481036376953
2026-09-22T08:33:40.233664+00:00,2026-09-23 06:00:00+00:00,2026-09-23 00:00:00+02:00,8,N-HiTS,284.9307000732422,221.50609478759768,248.3811433105469,260.4982394714356,277.27793182373046,284.9307000732422,303.60284002685546,315.63926388549805,322.6014690551758,367.63865814208987,232.06,52.870700073242176
2026-09-22T08:33:40.233664+00:00,2026-09-23 07:00:00+00:00,2026-09-23 00:00:00+02:00,9,N-HiTS,245.88272644042968,176.08899578857424,205.44304821777345,215.1700534362793,229.9807516479492,245.88272644042968,250.31377752685543,264.8989684753418,274.88043023681644,301.08918914794924,182.28,63.60272644042968
2026-09-22T08:33:40.233664+00:00,2026-09-23 08:00:00+00:00,2026-09-23 00:00:00+02:00,10,N-HiTS,198.27969909667968,128.07673535156252,159.50727246093751,170.68729586791994,185.9471975708008,198.27969909667968,198.68116339111327,209.0388152770996,220.44428826904297,252.62916717529296,141.35,56.929699096679684
2026-09-22T08:33:40.233664+00:00,2026-09-23 09:00:00+00:00,2026-09-23 00:00:00+02:00,11,N-HiTS,165.33862854003905,78.8040760498047,119.26936505126956,137.08730502319338,149.37571014404296,165.33862854003905,173.72854193115234,178.9133727722168,191.18485833740235,218.0187240600586,97.41,67.92862854003906
2026-09-22T08:33:40.233664+00:00,2026-09-23 10:00:00+00:00,2026-09-23 00:00:00+02:00,12,N-HiTS,145.0537774658203,50.811636779785175,89.88311169433595,112.34855838012696,126.26750244140624,145.0537774658203,148.33558233642577,161.0644958190918,178.36034967041016,196.44285736083984,73.06,71.9937774658203
2026-09-22T08:33:40.233664+00:00,2026-09-23 11:00:00+00:00,2026-09-23 00:00:00+02:00,13,N-HiTS,137.69145751953124,39.96004376220705,79.4190842895508,104.25028414916991,118.20634521484374,137.69145751953124,143.79456671142577,148.1526305847168,174.50501824951172,191.6072402954101,57.32,80.37145751953125
2026-09-22T08:33:40.233664+00:00,2026-09-23 12:00:00+00:00,2026-09-23 00:00:00+02:00,14,N-HiTS,143.9904229736328,36.259077880859394,86.22187207031251,113.319879486084,123.03797210693358,143.9904229736328,150.57192572021484,163.95753170776368,178.3904857788086,193.69793853759765,75.09,68.9004229736328
2026-09-22T08:33:40.233664+00:00,2026-09-23 13:00:00+00:00,2026-09-23 00:00:00+02:00,15,N-HiTS,156.06294799804687,72.28142437744143,112.63813183593751,121.80284304809572,140.2511373901367,156.06294799804687,167.33320196533202,182.07862545776368,193.76481439208985,213.6956649780273,110.41,45.65294799804687
2026-09-22T08:33:40.233664+00:00,2026-09-23 14:00:00+00:00,2026-09-23 00:00:00+02:00,16,N-HiTS,190.39127136230468,117.93982586669924,150.0721833496094,161.618219329834,177.18262542724608,190.39127136230468,206.3861194458008,214.49473263549805,234.8367901000977,253.7194076538086,156.81,33.581271362304676
2026-09-22T08:33:40.233664+00:00,2026-09-23 15:00:00+00:00,2026-09-23 00:00:00+02:00,17,N-HiTS,254.60217834472647,187.597235534668,213.9843690185547,229.2740268249512,247.7583700561524,254.60217834472647,265.09414251708984,287.47703244018555,302.42413140869144,339.9933029174805,199.01,55.59217834472648
2026-09-22T08:33:40.233664+00:00,2026-09-23 16:00:00+00:00,2026-09-23 00:00:00+02:00,18,N-HiTS,327.70068908691405,248.6024845581055,279.6787202148438,300.20649142456057,313.5069967651367,327.70068908691405,344.76101263427734,364.7444274597168,398.6501140747071,439.4996810913086,243.72,83.98068908691405
2026-09-22T08:33:40.233664+00:00,2026-09-23 17:00:00+00:00,2026-09-23 00:00:00+02:00,19,N-HiTS,357.12915588378905,273.64153179931645,309.3187043457032,327.74271578979494,344.45835174560546,357.12915588378905,371.731868347168,399.9707458190918,435.2046489868165,496.640885925293,271.59,85.53915588378908
2026-09-22T08:33:40.233664+00:00,2026-09-23 18:00:00+00:00,2026-09-23 00:00:00+02:00,20,N-HiTS,325.2490899658203,242.37200054931645,285.5074555664063,297.2291049499512,312.1803366088867,325.2490899658203,345.0290180053711,367.8393981628418,401.48333551025394,450.24046478271487,236.63,88.61908996582031
2026-09-22T08:33:40.233664+00:00,2026-09-23 19:00:00+00:00,2026-09-23 00:00:00+02:00,21,N-HiTS,268.3349359130859,197.4767063598633,231.93723461914064,240.88044161987307,256.4771810913086,268.3349359130859,275.94060858154296,299.8097961120605,323.2490520629883,363.7175765991211,195.2,73.13493591308594
2026-09-22T08:33:40.233664+00:00,2026-09-23 20:00:00+00:00,2026-09-23 00:00:00+02:00,22,N-HiTS,224.41133666992187,149.96541485595705,184.35462353515624,200.6313876647949,212.7505270385742,224.41133666992187,232.1282611694336,254.9193236999512,260.13519097900394,284.7313705444336,170.12,54.29133666992186
2026-09-22T08:33:40.233664+00:00,2026-09-23 21:00:00+00:00,2026-09-23 00:00:00+02:00,23,N-HiTS,196.5090234375,122.64346966552736,152.23113415527345,170.8622378845215,186.1227194213867,196.5090234375,203.8479266967773,226.0492065124512,228.94405938720703,251.60399017333984,154.0,42.50902343749999
2026-09-23T08:34:05.998964+00:00,2026-09-23 22:00:00+00:00,2026-09-24 00:00:00+02:00,0,N-HiTS,141.93581176757812,110.50900158691408,120.65651867675784,130.4276968383789,132.90458102416994,141.93581176757812,142.07139279174805,144.42896612548827,158.64359857177735,160.76063690185546,130.37,11.565811767578111
2026-09-23T08:34:05.998964+00:00,2026-09-23 23:00:00+00:00,2026-09-24 00:00:00+02:00,1,N-HiTS,127.14430786132812,83.78357586669924,105.1896149902344,109.22873873901368,118.51492370605467,127.14430786132812,128.2731891479492,137.64768673706055,144.77999688720703,147.33934173583984,118.87,8.274307861328111
2026-09-23T08:34:05.998964+00:00,2026-09-24 00:00:00+00:00,2026-09-24 00:00:00+02:00,2,N-HiTS,114.91774536132812,73.36048016357424,92.67045758056642,101.21062655639648,106.7029653930664,114.91774536132812,119.52587469482422,132.36050106811524,139.57636834716797,141.4986587524414,114.51,0.4077453613281108
2026-09-23T08:34:05.998964+00:00,2026-09-24 01:00:00+00:00,2026-09-24 00:00:00+02:00,3,N-HiTS,110.59670043945312,66.3622158508301,84.37790844726564,93.64384646606446,103.2524801635742,110.59670043945312,112.31931646728516,124.30629541015624,125.09042813110352,136.29242095947265,107.03,3.5667004394531148
2026-09-23T08:34:05.998964+00:00,2026-09-24 02:00:00+00:00,2026-09-24 00:00:00+02:00,4,N-HiTS,112.07035614013672,72.48984417724611,90.71116040039064,98.18065829467774,112.07035614013672,114.13140167236328,118.36447485351565,135.29626275634766,137.20690609741212,152.29251251220705,107.32,4.750356140136731
2026-09-23T08:34:05.998964+00:00,2026-09-24 03:00:00+00:00,2026-09-24 00:00:00+02:00,5,N-HiTS,156.97006774902343,106.347967956543,123.96244213867188,135.72524447631838,147.33417572021483,156.97006774902343,158.60247381591796,167.56214596557618,178.09699822998047,191.2072311401367,121.7,35.270067749023426
2026-09-23T08:34:05.998964+00:00,2026-09-24 04:00:00+00:00,2026-09-24 00:00:00+02:00,6,N-HiTS,203.81078125,145.17876324462893,167.14988110351564,179.22004122924807,194.9300924682617,203.81078125,208.7497516479492,228.21458126831047,238.9720440063477,265.33271942138674,147.81,56.00078124999999
2026-09-23T08:34:05.998964+00:00,2026-09-24 05:00:00+00:00,2026-09-24 00:00:00+02:00,7,N-HiTS,236.5547540283203,161.1554630737305,192.1747071533204,210.7510165710449,224.62006439208983,236.5547540283203,247.798533996582,254.83140255737305,274.8620586547852,300.92463836669924,168.02,68.5347540283203
2026-09-23T08:34:05.998964+00:00,2026-09-24 06:00:00+00:00,2026-09-24 00:00:00+02:00,8,N-HiTS,217.38297058105468,148.0791996459961,180.97699902343751,192.97175021362307,209.5038229370117,217.38297058105468,231.48179205322265,233.26173092651368,252.5598735961914,289.3987289428711,173.77,43.61297058105467
2026-09-23T08:34:05.998964+00:00,2026-09-24 07:00:00+00:00,2026-09-24 00:00:00+02:00,9,N-HiTS,170.25095153808593,96.8291233520508,136.48464367675783,148.20031161499026,159.82746185302733,170.25095153808593,179.79937322998046,192.92652584838868,212.38728143310547,235.0474105834961,152.41,17.840951538085932
2026-09-23T08:34:05.998964+00:00,2026-09-24 08:00:00+00:00,2026-09-24 00:00:00+02:00,10,N-HiTS,127.51274658203126,54.389090393066425,87.20833752441408,94.03043551635744,114.4673696899414,127.51274658203126,140.27549322509765,151.93932797241212,174.90493585205078,193.2701278686524,111.73,15.782746582031251
2026-09-23T08:34:05.998964+00:00,2026-09-24 09:00:00+00:00,2026-09-24 00:00:00+02:00,11,N-HiTS,96.23567749023438,3.91829571533205,38.50139782714845,56.85223193359376,80.96167053222655,96.23567749023438,107.62632330322266,123.05427243041991,143.57790948486328,166.12230072021484,68.41,27.825677490234384
2026-09-23T08:34:05.998964+00:00,2026-09-24 10:00:00+00:00,2026-09-24 00:00:00+02:00,12,N-HiTS,71.65988708496094,-25.6308375854492,5.679712036132827,31.20659060668946,53.84950317382811,71.65988708496094,82.71120794677735,102.04268338012696,123.2919521484375,141.11549530029296,16.0,55.65988708496094
2026-09-23T08:34:05.998964+00:00,2026-09-24 11:00:00+00:00,2026-09-24 00:00:00+02:00,13,N-HiTS,57.39195419311524,-53.94146075439451,-10.81789233398436,25.81935305786133,36.00236572265624,57.39195419311524,74.00529821777344,82.90691830444335,113.46881677246094,132.4692398071289,11.6,45.79195419311524
2026-09-23T08:34:05.998964+00:00,2026-09-24 12:00:00+00:00,2026-09-24 00:00:00+02:00,14,N-HiTS,68.38333679199219,-52.62630572509764,-3.9960158081054544,27.83966250610352,39.480019226074205,68.38333679199219,69.24746282958985,95.48142697143554,110.7543773803711,130.5927291870117,19.69,48.693336791992195
2026-09-23T08:34:05.998964+00:00,2026-09-24 13:00:00+00:00,2026-09-24 00:00:00+02:00,15,N-HiTS,78.46030212402344,-26.904183532714825,14.050561645507829,45.3484210510254,57.74009765624999,78.46030212402344,86.54738958740235,104.75932766723632,122.33251763916016,152.88119659423828,75.88,2.580302124023447
2026-09-23T08:34:05.998964+00:00,2026-09-24 14:00:00+00:00,2026-09-24 00:00:00+02:00,16,N-HiTS,113.06278778076172,18.71987805175783,54.27047894287111,84.91088290405274,99.66737426757813,113.06278778076172,124.93156774902344,144.04368283081055,157.93327142333985,183.58082733154296,117.68,4.617212219238283
2026-09-23T08:34:05.998964+00:00,2026-09-24 15:00:00+00:00,2026-09-24 00:00:00+02:00,17,N-HiTS,175.62575317382812,93.40284619140628,117.95408032226564,142.61803622436526,161.5558248901367,175.62575317382812,196.80291326904296,208.78330685424805,228.21047784423828,251.58987579345705,180.03,4.404246826171885
2026-09-23T08:34:05.998964+00:00,2026-09-24 16:00:00+00:00,2026-09-24 00:00:00+02:00,18,N-HiTS,243.02698303222647,164.31006512451174,185.42791149902345,209.6647738952637,229.96776641845705,243.02698303222647,264.90481146240234,279.2509887390137,299.2693157348633,336.91929779052737,226.04,16.986983032226476
2026-09-23T08:34:05.998964+00:00,2026-09-24 17:00:00+00:00,2026-09-24 00:00:00+02:00,19,N-HiTS,282.9670770263672,189.39971051025395,225.778390625,243.31672091674807,268.2640463256836,282.9670770263672,303.3627582397461,324.5001342468262,345.33895684814456,401.46067962646487,267.32,15.647077026367185
2026-09-23T08:34:05.998964+00:00,2026-09-24 18:00:00+00:00,2026-09-24 00:00:00+02:00,20,N-HiTS,268.3796746826172,185.3748539428711,221.2598817138672,236.54781527709963,254.56421722412108,268.3796746826172,291.03152044677734,315.2985656433105,333.3099346313477,370.0635543823242,260.0,8.379674682617178
2026-09-23T08:34:05.998964+00:00,2026-09-24 19:00:00+00:00,2026-09-24 00:00:00+02:00,21,N-HiTS,225.66499877929687,151.44840130615236,177.8821198730469,194.6232699890137,214.33632720947264,225.66499877929687,241.91518743896484,262.7938354187012,275.58395196533206,304.41307220458987,225.82,0.15500122070312727
2026-09-23T08:34:05.998964+00:00,2026-09-24 20:00:00+00:00,2026-09-24 00:00:00+02:00,22,N-HiTS,191.20667053222647,112.48123822021486,147.98928234863283,164.3793277282715,184.0016256713867,191.20667053222647,201.1610217895508,216.47944332885743,225.3182048950196,241.4223342895508,204.87,13.663329467773536
2026-09-23T08:34:05.998964+00:00,2026-09-24 21:00:00+00:00,2026-09-24 00:00:00+02:00,23,N-HiTS,167.2619073486328,90.26082501220704,124.60384533691408,139.39676852416994,149.91994537353514,167.2619073486328,172.71392401123046,187.27610470581047,199.88036920166016,216.01449737548828,188.01,20.748092651367188
2026-09-25T08:33:51.942833+00:00,2026-09-25 22:00:00+00:00,2026-09-26 00:00:00+02:00,0,N-HiTS_operational,167.49180589294434,136.64484565887452,140.53519480285644,151.04042214355468,165.7723530029297,167.49180589294434,171.85622415161134,178.2730452392578,182.5062830322265,194.0811450683593,196.3,28.80819410705567
2026-09-25T08:33:51.942833+00:00,2026-09-25 23:00:00+00:00,2026-09-26 00:00:00+02:00,1,N-HiTS_operational,151.1522215423584,111.01482551727294,120.40396279296876,128.2235874420166,144.390593359375,151.1522215423584,155.9989668701172,168.09497842407228,171.7142298095703,184.7388141357422,184.03,32.8777784576416
2026-09-25T08:33:51.942833+00:00,2026-09-26 00:00:00+00:00,2026-09-26 00:00:00+02:00,2,N-HiTS_operational,141.08961473083497,101.29122322235106,112.23999184570312,121.86834757385256,130.50579721679688,141.08961473083497,151.3274580810547,162.26764688110353,170.2845880859375,179.93629338378906,175.09,34.00038526916504
2026-09-25T08:33:51.942833+00:00,2026-09-26 01:00:00+00:00,2026-09-26 00:00:00+02:00,3,N-HiTS_operational,140.04293809509278,88.66690986785888,103.86629647216796,112.10240213928223,122.84521372070311,140.04293809509278,145.2841536376953,150.33995828247072,162.24464057617186,165.10938908691406,163.55,23.507061904907232
2026-09-25T08:33:51.942833+00:00,2026-09-26 02:00:00+00:00,2026-09-26 00:00:00+02:00,4,N-HiTS_operational,134.40640245056153,73.89576881561278,103.9245087524414,109.0328144317627,123.95561868896483,134.40640245056153,138.90144794921875,154.47759255981447,158.13070319824217,164.4247577392578,160.76,26.35359754943846
2026-09-25T08:33:51.942833+00:00,2026-09-26 03:00:00+00:00,2026-09-26 00:00:00+02:00,5,N-HiTS_operational,141.2925261077881,83.52591865692138,103.81191414794922,115.75636332092286,127.87310678710938,139.76050251464844,141.2925261077881,157.31792459106447,162.00448249511717,166.05093266601563,160.55,19.25747389221192
2026-09-25T08:33:51.942833+00:00,2026-09-26 04:00:00+00:00,2026-09-26 00:00:00+02:00,6,N-HiTS_operational,144.62435899353028,89.5117890182495,108.9927155395508,120.43663828430176,134.14947397460938,144.62435899353028,150.84843891601562,159.56304177856447,162.03182624511717,179.27635075683594,178.74,34.11564100646973
2026-09-25T08:33:51.942833+00:00,2026-09-26 05:00:00+00:00,2026-09-26 00:00:00+02:00,7,N-HiTS_operational,142.21034226989747,86.24854438934325,106.62239235839844,119.04613535461426,142.21034226989747,143.0333393310547,154.36677998046875,164.51892861938478,173.7389643066406,192.622069140625,194.31,52.099657730102535
2026-09-25T08:33:51.942833+00:00,2026-09-26 06:00:00+00:00,2026-09-26 00:00:00+02:00,8,N-HiTS_operational,133.35067735290528,63.03967445526123,95.30768746337893,109.10634653625488,120.85404855957032,133.35067735290528,142.97728413085937,161.13860330200197,166.1132318847656,183.3474109375,191.92,58.56932264709471
2026-09-25T08:33:51.942833+00:00,2026-09-26 07:00:00+00:00,2026-09-26 00:00:00+02:00,9,N-HiTS_operational,101.44683061218262,21.46982734832763,64.96626442871094,75.11119883117676,93.17932779541016,101.44683061218262,117.63957661132812,128.196838470459,141.3218500488281,161.88961674804688,156.44,54.993169387817375
2026-09-25T08:33:51.942833+00:00,2026-09-26 08:00:00+00:00,2026-09-26 00:00:00+02:00,10,N-HiTS_operational,72.87788377380372,-23.45323020782472,16.71783608398438,37.95523874816895,52.3077076171875,72.87788377380372,81.56184833984375,98.68673715209962,113.55717872314452,135.1897723876953,111.99,39.11211622619628
2026-09-25T08:33:51.942833+00:00,2026-09-26 09:00:00+00:00,2026-09-26 00:00:00+02:00,11,N-HiTS_operational,43.62549577331544,-67.45153648223878,-26.6232970336914,4.0797199493408245,25.95638162841797,43.62549577331544,65.60273426513672,75.92714700317384,93.0339548461914,109.9892108642578,53.1,9.474504226684559
2026-09-25T08:33:51.942833+00:00,2026-09-26 10:00:00+00:00,2026-09-26 00:00:00+02:00,12,N-HiTS_operational,21.472923141479505,-108.87609702911378,-61.70866995849609,-20.39216573181152,2.2186649536132856,21.472923141479505,37.28841083984375,47.93576821899415,66.91355537109374,92.06866337890624,11.0,10.472923141479505
2026-09-25T08:33:51.942833+00:00,2026-09-26 11:00:00+00:00,2026-09-26 00:00:00+02:00,13,N-HiTS_operational,1.8990706024170048,-142.4675353225708,-90.65781241455078,-54.338317465209954,-28.728371789550778,1.8990706024170048,18.292210278320315,27.45608529663087,53.88596748046874,69.90360905761719,3.3,1.400929397582995
2026-09-25T08:33:51.942833+00:00,2026-09-26 12:00:00+00:00,2026-09-26 00:00:00+02:00,14,N-HiTS_operational,-3.372711318969713,-116.57482749786378,-73.45439749755859,-40.42973287048339,-29.912377526855465,-3.372711318969713,13.355488476562504,39.13486489868165,45.86829017333984,68.75636174316406,18.45,21.822711318969713
2026-09-25T08:33:51.942833+00:00,2026-09-26 13:00:00+00:00,2026-09-26 00:00:00+02:00,15,N-HiTS_operational,33.71831498718263,-75.10465843048097,-31.181982336425776,-1.5397411102294885,5.245444128417973,33.71831498718263,43.569515881347655,55.92585000610352,70.62372993164061,98.53010441894531,51.53,17.81168501281737
2026-09-25T08:33:51.942833+00:00,2026-09-26 14:00:00+00:00,2026-09-26 00:00:00+02:00,16,N-HiTS_operational,90.91561875915528,2.06887977752685,39.86047524414063,54.43222086486817,73.51235849609375,90.91561875915528,93.78162830810548,115.90778359985352,121.6999475830078,140.281737109375,127.39,36.47438124084472
2026-09-25T08:33:51.942833+00:00,2026-09-26 15:00:00+00:00,2026-09-26 00:00:00+02:00,17,N-HiTS_operational,159.8241423187256,93.80407875213622,112.5559021850586,132.05638926086425,150.64184458007813,159.8241423187256,172.05215900878906,192.4323960266113,197.4999964111328,209.46705510253904,191.88,32.055857681274404
2026-09-25T08:33:51.942833+00:00,2026-09-26 16:00:00+00:00,2026-09-26 00:00:00+02:00,18,N-HiTS_operational,226.40463243103028,154.62798469696045,182.2298294921875,201.0688556915283,215.57328684082032,226.40463243103028,233.7908217285156,252.0885849914551,261.63589118652345,276.8772266113281,214.37,12.034632431030275
2026-09-25T08:33:51.942833+00:00,2026-09-26 17:00:00+00:00,2026-09-26 00:00:00+02:00,19,N-HiTS_operational,247.7321013031006,173.9231354537964,202.52577370605468,220.4642109161377,242.51452524414063,247.7321013031006,258.3309218261719,270.6802903137207,297.48525642089845,311.4862354003906,236.79,10.9421013031006
2026-09-25T08:33:51.942833+00:00,2026-09-26 18:00:00+00:00,2026-09-26 00:00:00+02:00,20,N-HiTS_operational,235.65386949157715,146.99277656707764,186.73030251464843,203.77518503723144,218.45706064453125,235.65386949157715,245.57515400390625,257.96633157348634,280.33926032714845,296.0239551269531,226.36,9.29386949157714
2026-09-25T08:33:51.942833+00:00,2026-09-26 19:00:00+00:00,2026-09-26 00:00:00+02:00,21,N-HiTS_operational,209.57281480407715,126.89286964569092,155.85716408691405,168.91974680480956,194.1105488037109,209.57281480407715,212.70698994140625,231.2942124328613,241.7484094970703,260.5496814453125,208.49,1.0828148040771453
2026-09-25T08:33:51.942833+00:00,2026-09-26 20:00:00+00:00,2026-09-26 00:00:00+02:00,22,N-HiTS_operational,182.87672410583497,103.73743599090577,133.16662758789062,151.14122812805175,165.42507822265625,182.87672410583497,189.90861958007807,205.37822732543947,209.37064765625,234.47125126953125,199.31,16.433275894165035
2026-09-25T08:33:51.942833+00:00,2026-09-26 21:00:00+00:00,2026-09-26 00:00:00+02:00,23,N-HiTS_operational,159.24249253845215,77.85120552215575,106.23796242675782,119.46177713928223,138.71165354003907,159.24249253845215,167.860981640625,183.2942276916504,199.3697168701172,206.04778935546875,186.0,26.757507461547846
2026-09-26T08:33:13.504210+00:00,2026-09-26 22:00:00+00:00,2026-09-27 00:00:00+02:00,0,N-HiTS_operational,168.92454515075684,142.06594246063233,151.6831986328125,156.23424570617675,163.03941232910157,168.92454515075684,173.63774880981447,175.02190083007812,176.17625068359374,187.3885944091797,183.22,14.295454849243157
2026-09-26T08:33:13.504210+00:00,2026-09-26 23:00:00+00:00,2026-09-27 00:00:00+02:00,1,N-HiTS_operational,152.33770738220215,120.3636719528198,137.0793232208252,138.36525124511718,146.22793466796875,152.33770738220215,158.0043379638672,165.8245011291504,169.6878626220703,179.8142841064453,178.27,25.932292617797856
2026-09-26T08:33:13.504210+00:00,2026-09-27 00:00:00+00:00,2026-09-27 00:00:00+02:00,2,N-HiTS_operational,141.96449266052247,105.488717729187,122.9189850708008,132.0134052520752,139.2424457763672,141.96449266052247,150.8946272705078,152.37848672485353,161.91282294921874,168.97756840820313,171.34,29.375507339477537
2026-09-26T08:33:13.504210+00:00,2026-09-27 01:00:00+00:00,2026-09-27 00:00:00+02:00,3,N-HiTS_operational,138.6175535736084,95.81440895233152,106.5163742919922,115.61815683898926,133.52673227539063,138.6175535736084,143.297505078125,148.0181504211426,160.09908698730467,162.9815662109375,166.43,27.812446426391602
2026-09-26T08:33:13.504210+00:00,2026-09-27 02:00:00+00:00,2026-09-27 00:00:00+02:00,4,N-HiTS_operational,137.87397752380372,84.97084205780028,102.29583138427736,118.16141550598144,129.9078510498047,137.87397752380372,141.12608784179687,150.3832169494629,159.8951837890625,167.73239018554688,161.57,23.696022476196276
2026-09-26T08:33:13.504210+00:00,2026-09-27 03:00:00+00:00,2026-09-27 00:00:00+02:00,5,N-HiTS_operational,136.62110887145997,73.51382606658935,99.1783158203125,120.19860117492676,130.24546701660157,136.62110887145997,142.2085615966797,147.84832009887697,156.92091010742186,168.41989018554688,158.67,22.04889112854002
2026-09-26T08:33:13.504210+00:00,2026-09-27 04:00:00+00:00,2026-09-27 00:00:00+02:00,6,N-HiTS_operational,136.05447373962403,69.54871528778075,106.31028908691408,121.74564402160644,135.20867807617188,136.05447373962403,140.21004169921875,148.5895157775879,158.6251642578125,167.26856877441406,159.34,23.285526260375974
2026-09-26T08:33:13.504210+00:00,2026-09-27 05:00:00+00:00,2026-09-27 00:00:00+02:00,7,N-HiTS_operational,128.37086473083497,59.91567390594482,91.56521767578126,106.0102772003174,118.99755747070311,128.37086473083497,132.48558491210937,145.30368814086916,149.32851813964842,165.7458484375,151.2,22.829135269165022
2026-09-26T08:33:13.504210+00:00,2026-09-27 06:00:00+00:00,2026-09-27 00:00:00+02:00,8,N-HiTS_operational,107.30091844177248,39.94484871063232,65.3415467163086,79.12321512756348,92.31673319091796,107.30091844177248,113.85279530029295,121.89745339965822,138.91903327636717,147.32119633789063,127.7,20.399081558227522
2026-09-26T08:33:13.504210+00:00,2026-09-27 07:00:00+00:00,2026-09-27 00:00:00+02:00,9,N-HiTS_operational,75.06989274597169,-3.229406660461432,30.090287866210943,46.46110575256348,56.45709116210938,75.06989274597169,86.94031971435547,103.32710275268556,115.2573206298828,129.14846684570313,56.74,18.329892745971684
2026-09-26T08:33:13.504210+00:00,2026-09-27 08:00:00+00:00,2026-09-27 00:00:00+02:00,10,N-HiTS_operational,44.06341539001466,-61.633428877258304,-11.293562231445309,8.553398538208011,22.66030771484376,44.06341539001466,49.50867145996094,69.61444863891603,85.28224586181639,103.3717029296875,1.39,42.67341539001466
2026-09-26T08:33:13.504210+00:00,2026-09-27 09:00:00+00:00,2026-09-27 00:00:00+02:00,11,N-HiTS_operational,6.759597640991224,-111.58470756378176,-58.76934653320312,-36.77814443054199,-8.775056054687496,6.759597640991224,22.277332958984378,42.15981301879884,62.73416541748046,82.63724400634766,-0.07,6.829597640991224
2026-09-26T08:33:13.504210+00:00,2026-09-27 10:00:00+00:00,2026-09-27 00:00:00+02:00,12,N-HiTS_operational,-22.470199722290022,-158.5912688430786,-97.89857321777345,-69.0621562713623,-41.414094140625,-22.470199722290022,-2.856410327148436,16.28658303833009,30.66630195312499,51.78458287353515,-1.95,20.520199722290023
2026-09-26T08:33:13.504210+00:00,2026-09-27 11:00:00+00:00,2026-09-27 00:00:00+02:00,13,N-HiTS_operational,-39.7859651031494,-184.13197929229736,-119.92631369628906,-86.65396840515136,-60.13157766113281,-39.7859651031494,-16.45537883300781,4.236961456298839,23.733303295898427,33.891546984863275,-2.49,37.2959651031494
2026-09-26T08:33:13.504210+00:00,2026-09-27 12:00:00+00:00,2026-09-27 00:00:00+02:00,14,N-HiTS_operational,-32.56007398986815,-159.3764250930786,-103.0899489501953,-72.6573711151123,-50.60279958496093,-32.56007398986815,-15.609904589843747,3.501640411376964,21.414867626953114,40.28559758300781,-0.84,31.72007398986815
2026-09-26T08:33:13.504210+00:00,2026-09-27 13:00:00+00:00,2026-09-27 00:00:00+02:00,15,N-HiTS_operational,-1.2711793365478383,-104.74022514190676,-59.30322104492187,-36.63115651550292,-20.312821557617184,-1.2711793365478383,19.96258991699219,29.485817047119152,44.71625922851562,63.16785313720703,-0.01,1.2611793365478383
2026-09-26T08:33:13.504210+00:00,2026-09-27 14:00:00+00:00,2026-09-27 00:00:00+02:00,16,N-HiTS_operational,59.52938829040529,-15.722265547180182,12.53241127929688,33.63456003723145,49.93685037841797,59.52938829040529,78.99201649169922,88.86415109252931,99.11472724609374,118.31190373535156,13.1,46.429388290405285
2026-09-26T08:33:13.504210+00:00,2026-09-27 15:00:00+00:00,2026-09-27 00:00:00+02:00,17,N-HiTS_operational,143.81910691833497,72.56595771942138,96.59228676757812,113.83641855773926,131.20477182617188,143.81910691833497,160.28982990722656,167.2830429992676,174.28695319824217,192.409178515625,114.26,29.55910691833496
2026-09-26T08:33:13.504210+00:00,2026-09-27 16:00:00+00:00,2026-09-27 00:00:00+02:00,18,N-HiTS_operational,211.9945524749756,145.72876899871827,164.7167221923828,186.8309406524658,203.7856586669922,211.9945524749756,222.6095320556641,233.92070779418947,243.1986048095703,264.9396655761719,186.21,25.784552474975584
2026-09-26T08:33:13.504210+00:00,2026-09-27 17:00:00+00:00,2026-09-27 00:00:00+02:00,19,N-HiTS_operational,242.57740769958497,177.97612922821045,210.7268998046875,226.0833210235596,234.4401081298828,242.57740769958497,260.7392470214844,262.98549661254884,283.6795313232422,299.5675952636719,195.75,46.82740769958497
2026-09-26T08:33:13.504210+00:00,2026-09-27 18:00:00+00:00,2026-09-27 00:00:00+02:00,20,N-HiTS_operational,241.3406523284912,175.5702301803589,206.9526078125,219.5002216583252,224.1887653564453,241.3406523284912,249.3076369140625,254.7739945373536,273.7464563720703,282.3891895019531,183.85,57.490652328491194
2026-09-26T08:33:13.504210+00:00,2026-09-27 19:00:00+00:00,2026-09-27 00:00:00+02:00,21,N-HiTS_operational,219.9869841156006,163.74631660614014,180.739961328125,193.8558124786377,205.18411142578125,219.9869841156006,226.115654083252,229.2214857910156,244.07583259277345,254.72210576171875,159.76,60.2269841156006
2026-09-26T08:33:13.504210+00:00,2026-09-27 20:00:00+00:00,2026-09-27 00:00:00+02:00,22,N-HiTS_operational,197.65345750427247,143.13837593231202,157.92337197265624,174.16405527648925,189.3648822998047,197.65345750427247,200.9530684326172,206.8028031311036,217.71680854492183,233.75979497070315,155.42,42.23345750427248
2026-09-26T08:33:13.504210+00:00,2026-09-27 21:00:00+00:00,2026-09-27 00:00:00+02:00,23,N-HiTS_operational,177.6236570892334,116.05477302703856,139.52913063964843,154.62465708312988,164.78494150390625,177.6236570892334,183.4220320556641,200.06026862792967,201.30774697875967,219.5174701416016,146.43,31.193657089233398
2026-09-27T08:33:36.335800+00:00,2026-09-27 22:00:00+00:00,2026-09-28 00:00:00+02:00,0,N-HiTS_operational,132.51008592224122,109.02293556365966,121.32401316223144,123.18304604492188,128.9449604248047,132.51008592224122,140.4394728515625,146.19997415161134,146.50391791992186,149.2279041015625,150.71,18.19991407775879
2026-09-27T08:33:36.335800+00:00,2026-09-27 23:00:00+00:00,2026-09-28 00:00:00+02:00,1,N-HiTS_operational,126.65927110290528,90.49204414520264,112.47024697265626,116.89997141418458,122.3313892578125,126.65927110290528,128.82323139648437,137.20026406860353,137.94141791992186,141.2185809814453,151.41,24.750728897094717
2026-09-27T08:33:36.335800+00:00,2026-09-28 00:00:00+00:00,2026-09-28 00:00:00+02:00,2,N-HiTS_operational,122.88093553161622,87.49380653533935,101.46541756591796,111.39580576477051,116.338835546875,122.88093553161622,127.72259205322266,132.5758439025879,136.69479011230467,137.85488774414063,151.49,28.609064468383792
2026-09-27T08:33:36.335800+00:00,2026-09-28 01:00:00+00:00,2026-09-28 00:00:00+02:00,3,N-HiTS_operational,122.23900590515136,87.34594886932372,100.49543923339844,110.07034342346192,114.19480783691408,121.40189045410156,122.23900590515136,129.70481513671874,131.06414041137697,136.9129626953125,154.59,32.350994094848645
2026-09-27T08:33:36.335800+00:00,2026-09-28 02:00:00+00:00,2026-09-28 00:00:00+02:00,4,N-HiTS_operational,128.2886198577881,103.53444069061278,108.97751015625,119.77453500976564,121.41198008117676,128.2886198577881,133.18114155273437,138.35988626098634,145.12066291503905,153.47328068847656,160.96,32.671380142211916
2026-09-27T08:33:36.335800+00:00,2026-09-28 03:00:00+00:00,2026-09-28 00:00:00+02:00,5,N-HiTS_operational,170.34994493103028,144.14487617645264,149.5404984375,162.21694223937988,167.45234567871094,170.34994493103028,174.4528242919922,182.49399575805663,191.5816309326172,203.6407916748047,175.17,4.820055068969708
2026-09-27T08:33:36.335800+00:00,2026-09-28 04:00:00+00:00,2026-09-28 00:00:00+02:00,6,N-HiTS_operational,224.9691923675537,184.60610359344483,196.84222573242187,208.6991047149658,219.2114856933593,224.9691923675537,233.771610913086,244.25702676391603,260.2967188232422,277.4147327148437,211.13,13.839192367553693
2026-09-27T08:33:36.335800+00:00,2026-09-28 05:00:00+00:00,2026-09-28 00:00:00+02:00,7,N-HiTS_operational,252.08692918396,200.7975861373901,219.75659340820312,235.7483600860596,247.08116037597657,252.08692918396,262.75554340820315,276.98699197387697,289.66616462402345,317.95452763671875,240.98,11.106929183960006
2026-09-27T08:33:36.335800+00:00,2026-09-28 06:00:00+00:00,2026-09-28 00:00:00+02:00,8,N-HiTS_operational,229.9932097015381,183.50161140594483,202.3435532470703,215.6117939239502,222.7955768798828,229.9932097015381,245.62340229492187,251.66757974243168,266.1531946533203,287.8080127441406,242.15,12.156790298461914
2026-09-27T08:33:36.335800+00:00,2026-09-28 07:00:00+00:00,2026-09-28 00:00:00+02:00,9,N-HiTS_operational,185.4013365325928,135.3610016647339,159.22406166992187,170.0156025177002,178.553679296875,185.4013365325928,193.74919575195312,204.3649521789551,218.24074958496087,231.7705524169922,210.11,24.708663467407206
2026-09-27T08:33:36.335800+00:00,2026-09-28 08:00:00+00:00,2026-09-28 00:00:00+02:00,10,N-HiTS_operational,147.0458220062256,87.70872657928466,114.72355812988282,121.75431101379397,137.9607074951172,147.0458220062256,154.75163715820312,164.69919595336916,182.06594489746087,192.85235478515625,179.31,32.26417799377441
2026-09-27T08:33:36.335800+00:00,2026-09-28 09:00:00+00:00,2026-09-28 00:00:00+02:00,11,N-HiTS_operational,112.6317823944092,45.693528825378415,78.64386147460938,90.5697025543213,106.92292673339844,112.6317823944092,127.98015278320312,139.67046365356447,151.73781989746092,166.43438603515625,153.52,40.88821760559081
2026-09-27T08:33:36.335800+00:00,2026-09-28 10:00:00+00:00,2026-09-28 00:00:00+02:00,12,N-HiTS_operational,95.13421617126464,21.816522294616693,51.92928475341797,66.55693094787598,87.79981119384766,95.13421617126464,109.46841877441406,122.65647134399416,137.05042670898436,150.71201970214844,126.14,31.00578382873536
2026-09-27T08:33:36.335800+00:00,2026-09-28 11:00:00+00:00,2026-09-28 00:00:00+02:00,13,N-HiTS_operational,89.13947282409669,11.123376542663568,37.39662331542969,59.50987284240723,78.4719150756836,89.13947282409669,100.15008228759766,112.09519967651369,127.79304145507813,143.50765874023438,121.34,32.20052717590332
2026-09-27T08:33:36.335800+00:00,2026-09-28 12:00:00+00:00,2026-09-28 00:00:00+02:00,14,N-HiTS_operational,92.24459062194823,3.409249955749506,46.81166237792969,66.56007425842286,81.90779001464844,92.24459062194823,99.89151447753906,115.85700234985352,128.7321741455078,134.6454608642578,138.29,46.04540937805176
2026-09-27T08:33:36.335800+00:00,2026-09-28 13:00:00+00:00,2026-09-28 00:00:00+02:00,15,N-HiTS_operational,107.6702650604248,29.001184159851068,64.26580208740235,80.41683237609864,98.82305795898438,107.6702650604248,118.8891798828125,128.90663919067384,135.91355537109374,149.29397465820313,153.73,46.05973493957519
2026-09-27T08:33:36.335800+00:00,2026-09-28 14:00:00+00:00,2026-09-28 00:00:00+02:00,16,N-HiTS_operational,145.6937712249756,71.01126259002685,107.74748391113282,117.45172922668458,134.55279428710938,145.6937712249756,150.67650288085937,163.13767251586916,170.90906928710936,179.6516559326172,188.08,42.38622877502442
2026-09-27T08:33:36.335800+00:00,2026-09-28 15:00:00+00:00,2026-09-28 00:00:00+02:00,17,N-HiTS_operational,201.9650114593506,134.58307808074952,160.59863442382812,173.2906574493408,192.10378916015625,201.9650114593506,203.25728291015625,218.72026834106447,233.3488886230469,249.0782458984375,236.67,34.704988540649396
2026-09-27T08:33:36.335800+00:00,2026-09-28 16:00:00+00:00,2026-09-28 00:00:00+02:00,18,N-HiTS_operational,261.43528733825684,191.70923774871827,219.3863999267578,236.805107522583,250.6800678466797,261.43528733825684,276.2086989257813,286.9700852355957,303.3545191162109,332.17047001953125,310.58,49.14471266174314
2026-09-27T08:33:36.335800+00:00,2026-09-28 17:00:00+00:00,2026-09-28 00:00:00+02:00,19,N-HiTS_operational,291.0668486175537,214.27399604949952,248.52923745117187,263.19940989074706,278.8362873291016,291.0668486175537,305.55815571289065,325.7873459777832,340.8763391845703,376.9568164550781,342.21,51.14315138244626
2026-09-27T08:33:36.335800+00:00,2026-09-28 18:00:00+00:00,2026-09-28 00:00:00+02:00,20,N-HiTS_operational,265.3423613128662,203.5008484664917,228.94134682617187,244.3593220001221,257.7284076904297,265.3423613128662,279.2499892089844,305.5466233215332,312.13955329589845,338.8720386230469,277.31,11.967638687133785
2026-09-27T08:33:36.335800+00:00,2026-09-28 19:00:00+00:00,2026-09-28 00:00:00+02:00,21,N-HiTS_operational,224.1402891693116,170.02356880340577,190.67711037597653,203.11226694641115,212.74128610839844,224.1402891693116,230.20340412597656,247.5796128234864,252.9835932128906,276.2480151855469,229.0,4.859710830688414
2026-09-27T08:33:36.335800+00:00,2026-09-28 20:00:00+00:00,2026-09-28 00:00:00+02:00,22,N-HiTS_operational,187.80320726013184,140.4929138961792,160.85711831054687,173.52570383605956,180.5874164794922,187.80320726013184,192.787251171875,210.5124741516113,213.99477790527345,223.59988286132813,203.35,15.546792739868152
2026-09-27T08:33:36.335800+00:00,2026-09-28 21:00:00+00:00,2026-09-28 00:00:00+02:00,23,N-HiTS_operational,169.53457627868653,118.162545854187,137.6948716064453,151.26837961730956,164.80215341796875,169.53457627868653,177.7354170654297,188.3378678283692,194.1272699707031,201.14129521484367,181.29,11.755423721313463
2026-09-28T08:33:35.091374+00:00,2026-09-28 22:00:00+00:00,2026-09-29 00:00:00+02:00,0,N-HiTS_operational,172.72207627868653,154.56731575164795,155.63592690429687,163.85277597961425,169.56696970214844,172.72207627868653,175.50949868774416,177.04384296875,183.09246467285155,185.7483813964844,183.86,11.137923721313484
2026-09-28T08:33:35.091374+00:00,2026-09-28 23:00:00+00:00,2026-09-29 00:00:00+02:00,1,N-HiTS_operational,166.15257249450684,136.74180000457764,144.49855202636718,157.67733042297365,162.30581552734375,166.15257249450684,168.31102761840822,169.26912373046875,176.4842951171875,179.85601689453125,173.96,7.807427505493166
2026-09-28T08:33:35.091374+00:00,2026-09-29 00:00:00+00:00,2026-09-29 00:00:00+02:00,2,N-HiTS_operational,165.2308805999756,131.14534919891358,141.25374001464843,153.0332111602783,159.8501117919922,165.2308805999756,166.61209553222656,168.5466690979004,175.69048713378905,180.59434392089844,169.04,3.8091194000244
2026-09-28T08:33:35.091374+00:00,2026-09-29 01:00:00+00:00,2026-09-29 00:00:00+02:00,3,N-HiTS_operational,157.8116911468506,128.60378425750733,137.8130356689453,146.6182178741455,154.4273822998047,157.8116911468506,158.04362934570312,169.09658059692384,169.9661371582031,176.93516423339844,164.91,7.098308853149405
2026-09-28T08:33:35.091374+00:00,2026-09-29 02:00:00+00:00,2026-09-29 00:00:00+02:00,4,N-HiTS_operational,155.1494139251709,131.2868592086792,145.2872025390625,145.75179331359865,153.19412119140625,155.1494139251709,160.087544140625,166.77085122680666,172.3238947265625,186.90011479492188,160.4,5.250586074829101
2026-09-28T08:33:35.091374+00:00,2026-09-29 03:00:00+00:00,2026-09-29 00:00:00+02:00,5,N-HiTS_operational,191.4285124359131,162.41152351531983,173.93760842285155,180.267021585083,184.9198139404297,191.4285124359131,193.6179396484375,203.74529275512697,207.3664667480469,219.38995244140625,165.71,25.718512435913084
2026-09-28T08:33:35.091374+00:00,2026-09-29 04:00:00+00:00,2026-09-29 00:00:00+02:00,6,N-HiTS_operational,233.6930845794677,191.5170075241089,210.5762650390625,215.7427753692627,230.37863046875,233.6930845794677,239.58385151367187,254.27060708618168,261.3970301025391,278.5596606933594,216.1,17.5930845794677
2026-09-28T08:33:35.091374+00:00,2026-09-29 05:00:00+00:00,2026-09-29 00:00:00+02:00,7,N-HiTS_operational,251.16798387146,202.82172554168704,220.62342995605468,234.18080942687988,246.16779978027344,251.16798387146,258.23759907226565,272.7365647277832,276.8377344482422,299.4809253417969,228.62,22.54798387145999
2026-09-28T08:33:35.091374+00:00,2026-09-29 06:00:00+00:00,2026-09-29 00:00:00+02:00,8,N-HiTS_operational,231.91607652282715,185.4132019821167,207.1139389892578,218.19147532043456,230.13020212402344,231.91607652282715,245.7262923095703,253.7790451965332,256.0596582763672,278.1806934082031,215.94,15.976076522827157
2026-09-28T08:33:35.091374+00:00,2026-09-29 07:00:00+00:00,2026-09-29 00:00:00+02:00,9,N-HiTS_operational,189.44412217712403,146.77382820281983,164.49803322753905,176.0827411895752,187.48898203125,189.44412217712403,198.52290791015625,213.60802468872072,215.3498346679688,223.7092120849609,184.2,5.244122177124041
2026-09-28T08:33:35.091374+00:00,2026-09-29 08:00:00+00:00,2026-09-29 00:00:00+02:00,10,N-HiTS_operational,156.56513963317872,98.05413978729248,121.428926171875,133.511406350708,153.03690988769532,156.56513963317872,165.14149921875,176.1778183898926,181.4271509521484,192.7652118408203,161.82,5.254860366821276
2026-09-28T08:33:35.091374+00:00,2026-09-29 09:00:00+00:00,2026-09-29 00:00:00+02:00,11,N-HiTS_operational,128.66098008728028,57.03778236541748,87.45799416503907,99.92303507385256,121.09741098632811,128.66098008728028,140.07100361328125,152.46479043579103,161.6281702392578,170.23879887695313,125.34,3.320980087280276
2026-09-28T08:33:35.091374+00:00,2026-09-29 10:00:00+00:00,2026-09-29 00:00:00+02:00,12,N-HiTS_operational,110.78912339782715,32.010049516296384,60.756189050292974,82.23031656799317,102.63750345458983,110.78912339782715,121.61085194091795,132.09050759887697,147.1098596923828,156.70999028320313,88.44,22.349123397827157
2026-09-28T08:33:35.091374+00:00,2026-09-29 11:00:00+00:00,2026-09-29 00:00:00+02:00,13,N-HiTS_operational,104.82359300231934,23.34354561004638,55.11190194091797,76.97160379943848,90.21282083740236,104.82359300231934,118.01370686035156,120.9695664367676,142.0235559814453,155.91099431152344,72.44,32.383593002319344
2026-09-28T08:33:35.091374+00:00,2026-09-29 12:00:00+00:00,2026-09-29 00:00:00+02:00,14,N-HiTS_operational,109.04936204528808,27.31516426239013,58.85571450195313,81.38793222961426,97.83186990966796,109.04936204528808,120.48080128173828,130.78713235473634,142.08582709960936,154.86228825683594,81.55,27.49936204528808
2026-09-28T08:33:35.091374+00:00,2026-09-29 13:00:00+00:00,2026-09-29 00:00:00+02:00,15,N-HiTS_operational,123.65876756286622,47.910569841003415,76.33337563476563,96.3874515777588,113.00295145263672,123.65876756286622,134.70283955078125,144.9193497619629,153.76153205566405,167.2594745361328,112.26,11.398767562866212
2026-09-28T08:33:35.091374+00:00,2026-09-29 14:00:00+00:00,2026-09-29 00:00:00+02:00,16,N-HiTS_operational,155.03404222106934,91.91117256317138,125.23462075195312,137.296318460083,146.0508716796875,155.03404222106934,165.2546126220703,178.9511338195801,188.10137580566405,200.1033466064453,155.01,0.024042221069350944
2026-09-28T08:33:35.091374+00:00,2026-09-29 15:00:00+00:00,2026-09-29 00:00:00+02:00,17,N-HiTS_operational,214.09686265563963,153.96477668914795,183.8016068359375,194.1599659210205,207.2076862548828,214.09686265563963,223.0244490478516,237.040458770752,252.3920404785156,273.7789294921875,203.35,10.746862655639632
2026-09-28T08:33:35.091374+00:00,2026-09-29 16:00:00+00:00,2026-09-29 00:00:00+02:00,18,N-HiTS_operational,272.14564500427247,217.4590088668824,232.0238358398437,248.974541116333,264.573683569336,272.14564500427247,288.62224262695315,306.87490090942384,327.9728968017578,356.8976123535156,230.8,41.345645004272455
2026-09-28T08:33:35.091374+00:00,2026-09-29 17:00:00+00:00,2026-09-29 00:00:00+02:00,19,N-HiTS_operational,301.11265550231934,239.91021125946045,257.8283707519531,275.90204660949706,287.9770343994141,301.11265550231934,309.53642719726565,338.4314804992676,356.63979743652345,396.9558398925781,229.8,71.31265550231933
2026-09-28T08:33:35.091374+00:00,2026-09-29 18:00:00+00:00,2026-09-29 00:00:00+02:00,20,N-HiTS_operational,275.6968229827881,223.3364197555542,239.5428482910156,254.42606394348144,269.6508625244141,275.6968229827881,285.4365126464844,308.8994065246582,319.1292383544922,359.6744678222656,201.89,73.8068229827881
2026-09-28T08:33:35.091374+00:00,2026-09-29 19:00:00+00:00,2026-09-29 00:00:00+02:00,21,N-HiTS_operational,233.2173307952881,187.8064667526245,203.5884262939453,214.4998554473877,221.6955097412109,233.2173307952881,235.0834395263672,247.9036026916504,260.8550989501953,281.0415332519531,169.94,63.277330795288094
2026-09-28T08:33:35.091374+00:00,2026-09-29 20:00:00+00:00,2026-09-29 00:00:00+02:00,22,N-HiTS_operational,199.77157579040528,162.85811775360108,178.14973610839843,187.0986408477783,192.25871164550784,199.77157579040528,205.973286328125,213.90526589965825,220.8319666259765,222.794920703125,154.15,45.621575790405274
2026-09-28T08:33:35.091374+00:00,2026-09-29 21:00:00+00:00,2026-09-29 00:00:00+02:00,23,N-HiTS_operational,186.47914109802247,140.9333435836792,157.9029251953125,168.8767170196533,178.3204029296875,186.47914109802247,189.74080341796875,195.10997781372072,202.5892298095703,207.4230487548828,130.39,56.08914109802248
2026-09-29T08:33:54.667701+00:00,2026-09-29 22:00:00+00:00,2026-09-30 00:00:00+02:00,0,N-HiTS_operational,122.51853929138184,103.86517494354248,106.8420578857422,112.17562143859864,119.05766947021483,122.51853929138184,126.38229816894533,128.20362100219728,132.17407109375,132.5790979736328,109.6,12.918539291381848
2026-09-29T08:33:54.667701+00:00,2026-09-29 23:00:00+00:00,2026-09-30 00:00:00+02:00,1,N-HiTS_operational,117.2210691986084,88.91258400115966,99.60694283447266,104.8731464630127,113.49199564208983,117.2210691986084,119.17386311035156,121.51796731567384,126.75887702636716,127.55820347900392,105.5,11.721069198608404
2026-09-29T08:33:54.667701+00:00,2026-09-30 00:00:00+00:00,2026-09-30 00:00:00+02:00,2,N-HiTS_operational,117.95520768737794,83.78802650604247,95.0456940551758,101.53823130187988,112.09715158691408,117.95520768737794,120.30679768066406,122.95366677856448,126.00188850097656,130.9253375732422,101.71,16.245207687377942
2026-09-29T08:33:54.667701+00:00,2026-09-30 01:00:00+00:00,2026-09-30 00:00:00+02:00,3,N-HiTS_operational,115.29698930358887,78.52958839569091,92.7815338989258,98.3748783355713,108.02712137451172,114.36951130371094,115.29698930358887,120.8637314758301,122.43978522949216,131.3745868408203,102.87,12.426989303588869
2026-09-29T08:33:54.667701+00:00,2026-09-30 02:00:00+00:00,2026-09-30 00:00:00+02:00,4,N-HiTS_operational,113.08149705505372,86.48787086639403,98.1977478881836,102.70136301574708,111.40283853759766,113.08149705505372,119.12947529296876,122.05847940063478,125.82674812011716,141.30215336914063,104.3,8.78149705505372
2026-09-29T08:33:54.667701+00:00,2026-09-30 03:00:00+00:00,2026-09-30 00:00:00+02:00,5,N-HiTS_operational,146.9368895111084,116.9465271774292,128.93420571289062,133.5915302520752,140.8950336669922,146.9368895111084,150.17805927734375,153.55945596313478,161.9376947753906,174.19642521972656,122.2,24.7368895111084
2026-09-29T08:33:54.667701+00:00,2026-09-30 04:00:00+00:00,2026-09-30 00:00:00+02:00,6,N-HiTS_operational,191.15228257751463,139.61533516082764,164.58699196777343,172.0526203399658,182.85264475097657,191.15228257751463,194.5336806152344,202.0135117492676,216.9629785888672,231.466780444336,160.37,30.78228257751462
2026-09-29T08:33:54.667701+00:00,2026-09-30 05:00:00+00:00,2026-09-30 00:00:00+02:00,7,N-HiTS_operational,209.35601792907715,154.68718879852295,176.286836328125,187.7826618438721,196.6443470214844,209.35601792907715,214.2527510498047,223.2435227355957,231.5136530273437,254.48000981445315,198.91,10.446017929077158
2026-09-29T08:33:54.667701+00:00,2026-09-30 06:00:00+00:00,2026-09-30 00:00:00+02:00,8,N-HiTS_operational,183.73170457458497,135.51873176727295,152.58894509277343,164.01041452941894,174.63188059082032,183.73170457458497,193.29590290527344,197.7982102355957,208.69118903808592,230.4745624267578,193.75,10.018295425415033
2026-09-29T08:33:54.667701+00:00,2026-09-30 07:00:00+00:00,2026-09-30 00:00:00+02:00,9,N-HiTS_operational,144.07856736755372,95.77591102752685,109.615937890625,121.90589182434084,133.73008615722657,144.07856736755372,153.1288802001953,162.56439981079103,168.03533576660155,182.115706225586,165.21,21.13143263244629
2026-09-29T08:33:54.667701+00:00,2026-09-30 08:00:00+00:00,2026-09-30 00:00:00+02:00,10,N-HiTS_operational,108.4105680999756,44.893182450866696,67.49814766845704,85.06372873840333,100.48770029296875,108.4105680999756,119.41154926757812,129.36815652465822,135.50017951660155,148.1417682373047,122.31,13.899431900024396
2026-09-29T08:33:54.667701+00:00,2026-09-30 09:00:00+00:00,2026-09-30 00:00:00+02:00,11,N-HiTS_operational,81.12395463562012,6.765786820983881,39.780305566406255,52.72712748107911,69.80200845947266,81.12395463562012,95.36680286865234,110.2531357727051,118.42662452392575,133.42965581054688,81.42,0.2960453643798786
2026-09-29T08:33:54.667701+00:00,2026-09-30 10:00:00+00:00,2026-09-30 00:00:00+02:00,12,N-HiTS_operational,61.77552781677248,-19.80757743682862,16.345430078125005,33.3628925567627,50.00894052734375,61.77552781677248,77.17493885498047,91.09774789428712,101.0009958618164,119.59060551757813,42.91,18.865527816772484
2026-09-29T08:33:54.667701+00:00,2026-09-30 11:00:00+00:00,2026-09-30 00:00:00+02:00,13,N-HiTS_operational,53.27677140808107,-28.723394697570807,6.912690820312504,26.072288919067383,40.58695871582032,53.27677140808107,73.65637653808594,78.47477731323244,100.07312415771484,113.32943608398438,20.0,33.27677140808107
2026-09-29T08:33:54.667701+00:00,2026-09-30 12:00:00+00:00,2026-09-30 00:00:00+02:00,14,N-HiTS_operational,62.119399887084974,-21.791265791320807,18.26794594726563,35.8896259552002,48.81696207275391,62.119399887084974,75.37725513916016,88.80274972534181,101.88426612548828,118.0276096069336,37.51,24.609399887084976
2026-09-29T08:33:54.667701+00:00,2026-09-30 13:00:00+00:00,2026-09-30 00:00:00+02:00,15,N-HiTS_operational,84.59893022155762,9.370172196960445,42.9815613647461,60.24734537658692,74.79946787109375,84.59893022155762,96.46114033203123,105.4963761291504,117.45019935302732,134.30056645507813,84.93,0.3310697784423837
2026-09-29T08:33:54.667701+00:00,2026-09-30 14:00:00+00:00,2026-09-30 00:00:00+02:00,16,N-HiTS_operational,118.3907927093506,53.643609696960446,80.79325264892579,97.705986428833,112.73612863769532,118.3907927093506,132.23308247070312,139.87128457641603,149.4816858642578,164.954100390625,148.47,30.079207290649393
2026-09-29T08:33:54.667701+00:00,2026-09-30 15:00:00+00:00,2026-09-30 00:00:00+02:00,17,N-HiTS_operational,170.8903807220459,110.518502885437,137.1108109375,148.3342060333252,165.4380024169922,170.8903807220459,183.4822432373047,196.56414041137697,205.9516565673828,228.54019047851563,202.17,31.279619277954083
2026-09-29T08:33:54.667701+00:00,2026-09-30 16:00:00+00:00,2026-09-30 00:00:00+02:00,18,N-HiTS_operational,224.20974717712403,160.62288826141358,180.05186623535155,198.38784067687988,213.79582102050784,224.20974717712403,240.71181171875,254.33818826293947,270.0137293212891,299.2968433105469,230.33,6.120252822875983
2026-09-29T08:33:54.667701+00:00,2026-09-30 17:00:00+00:00,2026-09-30 00:00:00+02:00,19,N-HiTS_operational,241.59178147888184,175.24610298309327,200.6056229492188,213.0863117462158,231.10708505859373,241.59178147888184,257.43999165039065,278.0233078918457,290.5920374267578,328.4378955566406,249.74,8.148218521118167
2026-09-29T08:33:54.667701+00:00,2026-09-30 18:00:00+00:00,2026-09-30 00:00:00+02:00,20,N-HiTS_operational,217.9372252044677,163.45057075653077,181.2033860107421,192.2433857208252,207.07942087402344,217.9372252044677,227.7690779541016,249.12734231567384,264.83669685058595,293.6560962402344,233.04,15.102774795532298
2026-09-29T08:33:54.667701+00:00,2026-09-30 19:00:00+00:00,2026-09-30 00:00:00+02:00,21,N-HiTS_operational,183.1626432952881,141.25423591766358,152.57657021484374,162.7454151397705,171.5722797607422,183.1626432952881,189.48299091796875,202.3990097961426,215.3146936767578,236.85769536132813,206.18,23.017356704711915
2026-09-29T08:33:54.667701+00:00,2026-09-30 20:00:00+00:00,2026-09-30 00:00:00+02:00,22,N-HiTS_operational,156.5677946624756,112.92125099334716,132.63649147949218,140.36788218078613,152.0906666015625,156.5677946624756,165.8247725341797,178.44054421997072,179.29220222167967,195.6936938964844,186.89,30.322205337524395
2026-09-29T08:33:54.667701+00:00,2026-09-30 21:00:00+00:00,2026-09-30 00:00:00+02:00,23,N-HiTS_operational,143.48092637634278,101.53580635223388,117.33245247802736,126.8708729034424,139.68647653808594,143.48092637634278,155.29907673339844,163.4035263977051,167.40511726074217,187.52923466796875,167.64,24.159073623657207
2026-09-30T08:34:04.106085+00:00,2026-09-30 22:00:00+00:00,2026-10-01 00:00:00+02:00,0,N-HiTS_operational,156.40106187438963,137.2539002243042,144.27786416015624,148.0123066192627,151.81631357421875,156.40106187438963,161.882221875,164.25324258422853,166.08311103515624,172.7086932861328,158.0,1.598938125610374
2026-09-30T08:34:04.106085+00:00,2026-09-30 23:00:00+00:00,2026-10-01 00:00:00+02:00,1,N-HiTS_operational,149.02142320251463,119.23934333953856,136.57809609375,141.9513935333252,146.457976171875,149.02142320251463,154.23918598632812,159.3689347229004,163.58099006347655,166.15750004882813,159.62,10.598576797485379
2026-09-30T08:34:04.106085+00:00,2026-10-01 00:00:00+00:00,2026-10-01 00:00:00+02:00,2,N-HiTS_operational,144.7458494720459,113.37587135467528,124.01309365234376,132.0464863067627,136.13935739746094,144.7458494720459,153.4458968017578,154.8638535461426,159.8751184814453,166.07940556640625,158.43,13.684150527954102
2026-09-30T08:34:04.106085+00:00,2026-10-01 01:00:00+00:00,2026-10-01 00:00:00+02:00,3,N-HiTS_operational,139.24691758728028,108.22146003875731,122.10725563964844,128.8040088897705,133.7855365966797,139.24691758728028,144.59505146484375,150.00991067504884,152.71657966308592,160.08782841796875,159.51,20.26308241271971
2026-09-30T08:34:04.106085+00:00,2026-10-01 02:00:00+00:00,2026-10-01 00:00:00+02:00,4,N-HiTS_operational,142.01509080505372,115.10906379852294,130.45691079101562,131.13228647766113,138.92112619628907,142.01509080505372,144.9666487548828,152.69074258422853,159.2065393798828,167.01098515625,158.05,16.034909194946295
2026-09-30T08:34:04.106085+00:00,2026-10-01 03:00:00+00:00,2026-10-01 00:00:00+02:00,5,N-HiTS_operational,175.97377000427247,148.8552185836792,158.66822976074218,164.21834604797365,168.57340891113282,175.97377000427247,176.96045368652344,182.5998154602051,194.46499274902345,201.89980961914063,166.64,9.33377000427248
2026-09-30T08:34:04.106085+00:00,2026-10-01 04:00:00+00:00,2026-10-01 00:00:00+02:00,6,N-HiTS_operational,219.8746183929444,175.73325508270264,192.9731919189453,201.36440317687988,212.7100513671875,219.8746183929444,224.1917158935547,230.3636094055176,245.40565131835936,260.59271123046875,208.17,11.704618392944411
2026-09-30T08:34:04.106085+00:00,2026-10-01 05:00:00+00:00,2026-10-01 00:00:00+02:00,7,N-HiTS_operational,237.10426316833497,184.4642273727417,206.7866837402344,216.8850330596924,231.596144506836,237.10426316833497,242.62297504882807,256.8901291809082,265.7355615966797,289.74566533203125,237.24,0.13573683166504225
2026-09-30T08:34:04.106085+00:00,2026-10-01 06:00:00+00:00,2026-10-01 00:00:00+02:00,8,N-HiTS_operational,215.8152617034912,165.09340828094483,185.0711380859375,198.3801349884033,211.50457651367188,215.8152617034912,227.50526875,234.7270890197754,245.26906989746087,272.4096362792969,233.36,17.544738296508825
2026-09-30T08:34:04.106085+00:00,2026-10-01 07:00:00+00:00,2026-10-01 00:00:00+02:00,9,N-HiTS_operational,177.30451951599122,119.00362556610106,142.26548928222655,155.53173105773925,169.9038990234375,177.30451951599122,184.35135334472656,198.5639878234864,205.9137995117188,222.1367938720703,208.3,30.995480484008795
2026-09-30T08:34:04.106085+00:00,2026-10-01 08:00:00+00:00,2026-10-01 00:00:00+02:00,10,N-HiTS_operational,135.54771409606934,75.43827980194091,100.85058754882812,112.02284281311036,132.34133798828125,135.54771409606934,150.5057112548828,160.92357644653322,171.74648688964842,189.1844623291016,183.4,47.852285903930664
2026-09-30T08:34:04.106085+00:00,2026-10-01 09:00:00+00:00,2026-10-01 00:00:00+02:00,11,N-HiTS_operational,108.63526902770997,36.02321785125732,70.33339852294922,86.4405292755127,100.84718973388672,108.63526902770997,127.00922840576172,134.89673623657228,150.83619331054686,165.35792424316406,160.11,51.47473097229005
2026-09-30T08:34:04.106085+00:00,2026-10-01 10:00:00+00:00,2026-10-01 00:00:00+02:00,12,N-HiTS_operational,93.9501188812256,20.37037056121825,47.07763833007813,67.54181711730958,86.47991068115235,93.9501188812256,108.41785114746094,121.95199594116212,136.38274787597655,155.64456059570313,162.19,68.23988111877439
2026-09-30T08:34:04.106085+00:00,2026-10-01 11:00:00+00:00,2026-10-01 00:00:00+02:00,13,N-HiTS_operational,90.2372511444092,5.053796464538569,42.77254647216797,58.97899668273927,76.43179971923828,90.2372511444092,102.41650837402344,116.71691140747072,128.50696967773436,149.19857670898438,152.02,61.78274885559081
2026-09-30T08:34:04.106085+00:00,2026-10-01 12:00:00+00:00,2026-10-01 00:00:00+02:00,14,N-HiTS_operational,97.133933883667,6.691217118835444,48.01992958984376,71.73344461975098,83.18949014892578,97.133933883667,103.67121571044922,118.08417520141604,132.5480463378906,149.17922856445313,150.34,53.206066116333005
2026-09-30T08:34:04.106085+00:00,2026-10-01 13:00:00+00:00,2026-10-01 00:00:00+02:00,15,N-HiTS_operational,112.27546678161622,36.8951126876831,68.57190102539063,85.75109140930176,104.30293161621094,112.27546678161622,123.28372639160156,136.25176248168947,147.13534187011717,159.77596928710938,156.88,44.60453321838378
2026-09-30T08:34:04.106085+00:00,2026-10-01 14:00:00+00:00,2026-10-01 00:00:00+02:00,16,N-HiTS_operational,149.51573167419434,84.26005714569091,114.512910546875,125.4756855255127,142.20823557128907,149.51573167419434,155.5846907470703,169.43309793090822,177.8693048828125,195.0843646728516,189.18,39.664268325805665
2026-09-30T08:34:04.106085+00:00,2026-10-01 15:00:00+00:00,2026-10-01 00:00:00+02:00,17,N-HiTS_operational,201.84498582458497,144.72933357391358,167.96399086914062,178.44905893859865,193.346159765625,201.84498582458497,206.62964313964844,221.66054544067384,231.40873359375,252.861799975586,232.28,30.435014175415034
2026-09-30T08:34:04.106085+00:00,2026-10-01 16:00:00+00:00,2026-10-01 00:00:00+02:00,18,N-HiTS_operational,250.64291368103028,195.116891557312,215.9492813964844,230.19625132141115,243.6735370849609,250.64291368103028,266.0089918945313,278.4267502746582,291.6905481689453,316.5696704589844,274.69,24.04708631896972
2026-09-30T08:34:04.106085+00:00,2026-10-01 17:00:00+00:00,2026-10-01 00:00:00+02:00,19,N-HiTS_operational,272.2495878753662,208.7978455368042,239.827363671875,250.7355121856689,264.54704172363284,272.2495878753662,286.6302382324219,300.6722031555176,316.5581934326172,347.9722583496094,300.54,28.290412124633804
2026-09-30T08:34:04.106085+00:00,2026-10-01 18:00:00+00:00,2026-10-01 00:00:00+02:00,20,N-HiTS_operational,253.6238554534912,196.2835175338745,218.33490151367187,232.1794513946533,241.89272958984373,253.6238554534912,262.93584125976565,277.6093674621582,288.2840540283203,313.0173022949219,257.51,3.8861445465088025
2026-09-30T08:34:04.106085+00:00,2026-10-01 19:00:00+00:00,2026-10-01 00:00:00+02:00,21,N-HiTS_operational,214.8183134613037,164.94606941375733,188.8896958251953,199.7003559356689,208.275603125,214.8183134613037,227.202534375,232.6382676086426,240.23907111816405,259.3008105957031,226.42,11.601686538696299
2026-09-30T08:34:04.106085+00:00,2026-10-01 20:00:00+00:00,2026-10-01 00:00:00+02:00,22,N-HiTS_operational,194.19256578063963,141.48240059051514,165.60321206054687,170.8617939239502,184.5908191894532,194.19256578063963,196.7737318847656,208.18755349731447,211.42730354003905,215.0205218994141,205.0,10.807434219360374
2026-09-30T08:34:04.106085+00:00,2026-10-01 21:00:00+00:00,2026-10-01 00:00:00+02:00,23,N-HiTS_operational,180.79890428161625,126.82009285125731,148.06530922851562,159.9891132598877,172.1864155029297,180.79890428161625,185.88357990722656,192.5748673400879,199.18706916503905,202.4698169433593,186.43,5.6310957183837616
2026-10-01T08:34:03.593347+00:00,2026-10-01 22:00:00+00:00,2026-10-02 00:00:00+02:00,0,N-HiTS_operational,175.32649217224122,155.74251716766358,161.14796608886718,169.12514536437988,170.5422504638672,175.32649217224122,177.9025313232422,180.50926980590825,183.9047052734375,191.32350041503904,175.03,0.2964921722412157
2026-10-01T08:34:03.593347+00:00,2026-10-01 23:00:00+00:00,2026-10-02 00:00:00+02:00,1,N-HiTS_operational,168.65933213806153,140.14600532684327,151.95375222167968,160.3839191680908,161.44798166503907,168.65933213806153,171.10266560058594,175.69911965942384,180.0098841064453,182.92605473632813,163.9,4.759332138061524
2026-10-01T08:34:03.593347+00:00,2026-10-02 00:00:00+00:00,2026-10-02 00:00:00+02:00,2,N-HiTS_operational,163.40595994567872,135.89045112762452,145.19716042480468,154.1907276397705,156.04157907714844,163.40595994567872,167.4857375,172.12218484497072,175.97535346679686,180.87859990234367,160.96,2.445959945678709
2026-10-01T08:34:03.593347+00:00,2026-10-02 01:00:00+00:00,2026-10-02 00:00:00+02:00,3,N-HiTS_operational,158.6813200531006,134.61409919891358,140.00940102539062,150.14862864074706,153.58711130371094,158.6813200531006,160.61198872070312,168.68842324829103,169.20530341796874,175.3719470703125,160.07,1.3886799468994013
2026-10-01T08:34:03.593347+00:00,2026-10-02 02:00:00+00:00,2026-10-02 00:00:00+02:00,4,N-HiTS_operational,158.0060270843506,138.85035102996827,142.84211892089843,151.62601511535644,157.33184702148438,158.0060270843506,167.05009907226562,172.61351785278322,175.23272346191405,182.25955083007813,163.14,5.1339729156493945
2026-10-01T08:34:03.593347+00:00,2026-10-02 03:00:00+00:00,2026-10-02 00:00:00+02:00,5,N-HiTS_operational,185.38357530212403,164.34726875457764,168.02803200683593,173.22855417785644,180.70339853515625,185.38357530212403,191.09593647460937,197.11597451782228,204.9007532470703,214.8614490234375,177.87,7.513575302124025
2026-10-01T08:34:03.593347+00:00,2026-10-02 04:00:00+00:00,2026-10-02 00:00:00+02:00,6,N-HiTS_operational,228.04241929626463,195.1677033248901,203.64759987792968,210.9537128692627,217.6837909912109,228.04241929626463,235.5441634033203,238.64282998657228,251.2131311767578,268.9715564453125,221.67,6.372419296264638
2026-10-01T08:34:03.593347+00:00,2026-10-02 05:00:00+00:00,2026-10-02 00:00:00+02:00,7,N-HiTS_operational,251.30306993103028,207.1965271774292,224.1023880859375,231.78861277160644,245.6458881591797,251.30306993103028,259.5918166015625,268.0683518371582,278.76943610839845,304.8819263183594,260.34,9.036930068969696
2026-10-01T08:34:03.593347+00:00,2026-10-02 06:00:00+00:00,2026-10-02 00:00:00+02:00,8,N-HiTS_operational,235.3178251800537,191.38550727996827,209.6504837890625,221.84389536437988,229.7317035888672,235.3178251800537,246.7946974609375,257.0167313537598,264.0629236572266,290.7136523925781,264.29,28.972174819946332
2026-10-01T08:34:03.593347+00:00,2026-10-02 07:00:00+00:00,2026-10-02 00:00:00+02:00,9,N-HiTS_operational,197.57667527771,156.3614441696167,172.42868203125,183.5815967803955,194.21971018066407,197.57667527771,202.9306074951172,219.86841592407228,224.24024604492183,243.922346850586,225.49,27.913324722290014
2026-10-01T08:34:03.593347+00:00,2026-10-02 08:00:00+00:00,2026-10-02 00:00:00+02:00,10,N-HiTS_operational,163.72323594665528,119.11600654754638,138.69268959960937,147.7710499053955,161.24746591796875,163.72323594665528,172.37898701171875,182.9635849914551,191.27201484375,203.41314580078125,186.85,23.126764053344715
2026-10-01T08:34:03.593347+00:00,2026-10-02 09:00:00+00:00,2026-10-02 00:00:00+02:00,11,N-HiTS_operational,143.55329881286622,86.78264778289794,111.81490487060547,126.8845447784424,138.24407846679688,143.55329881286622,155.4727522705078,165.43022927856447,171.3903314941406,184.6948993408203,170.07,26.516701187133776
2026-10-01T08:34:03.593347+00:00,2026-10-02 10:00:00+00:00,2026-10-02 00:00:00+02:00,12,N-HiTS_operational,130.95596299743653,65.10086219940185,94.73275155029296,109.18634836730958,122.40975076904296,130.95596299743653,139.93481892089844,149.95899209594728,156.08985541992186,170.8301227294922,152.61,21.654037002563484
2026-10-01T08:34:03.593347+00:00,2026-10-02 11:00:00+00:00,2026-10-02 00:00:00+02:00,13,N-HiTS_operational,120.20946488952636,57.09120338592529,81.27535408935547,98.04008524475098,112.44647104492188,120.20946488952636,130.29906147460937,138.09484109497072,150.3574640625,166.1885516845703,140.86,20.650535110473655
2026-10-01T08:34:03.593347+00:00,2026-10-02 12:00:00+00:00,2026-10-02 00:00:00+02:00,14,N-HiTS_operational,123.17173753356934,55.71443336639404,84.19599312744141,100.92829935607912,112.9541919921875,123.17173753356934,128.3141829345703,145.0874863586426,150.53504584960936,162.49667241210938,142.31,19.13826246643066
2026-10-01T08:34:03.593347+00:00,2026-10-02 13:00:00+00:00,2026-10-02 00:00:00+02:00,15,N-HiTS_operational,132.47422776794434,74.77312629852294,98.3764588256836,109.29122965393069,124.50144846191408,132.47422776794434,140.36790913085937,153.7657090148926,157.0017053955078,171.0338885986328,150.1,17.625772232055652
2026-10-01T08:34:03.593347+00:00,2026-10-02 14:00:00+00:00,2026-10-02 00:00:00+02:00,16,N-HiTS_operational,155.05093370056153,105.11226814422606,127.00811165771484,139.09159128723144,147.74601633300782,155.05093370056153,165.79764240722656,175.92905435180666,181.73324226074217,198.20815922851563,181.03,25.979066299438472
2026-10-01T08:34:03.593347+00:00,2026-10-02 15:00:00+00:00,2026-10-02 00:00:00+02:00,17,N-HiTS_operational,196.3338621673584,148.67043464813233,169.96458596191405,177.61217539367675,191.2283771728516,196.3338621673584,207.52251118164065,217.8680344543457,228.61343024902345,246.66476323242188,224.85,28.51613783264159
2026-10-01T08:34:03.593347+00:00,2026-10-02 16:00:00+00:00,2026-10-02 00:00:00+02:00,18,N-HiTS_operational,240.9669645843506,190.98967903289795,208.51477211914064,225.2817463165283,233.8994129394532,240.9669645843506,253.99745625,271.31023416137697,283.4376795166016,306.5421436035156,266.56,25.59303541564941
2026-10-01T08:34:03.593347+00:00,2026-10-02 17:00:00+00:00,2026-10-02 00:00:00+02:00,19,N-HiTS_operational,259.9315947113037,200.2214142623901,225.4058243652344,241.03080027160644,254.59678537597657,259.9315947113037,273.0350233886719,293.0551682434082,306.2205164306641,337.9537036621094,319.81,59.878405288696285
2026-10-01T08:34:03.593347+00:00,2026-10-02 18:00:00+00:00,2026-10-02 00:00:00+02:00,20,N-HiTS_operational,243.2449492034912,189.76735847625733,205.8011185546875,223.7179950958252,235.41837961425784,243.2449492034912,254.31901997070312,268.3466416320801,282.2705042236328,312.4778735839844,268.11,24.865050796508825
2026-10-01T08:34:03.593347+00:00,2026-10-02 19:00:00+00:00,2026-10-02 00:00:00+02:00,21,N-HiTS_operational,210.3822783050537,161.49704902801514,180.50746315917968,194.4850239044189,203.05462534179688,210.3822783050537,219.4314772460937,227.8135605773926,240.33468269042967,259.16143681640625,229.96,19.57772169494632
2026-10-01T08:34:03.593347+00:00,2026-10-02 20:00:00+00:00,2026-10-02 00:00:00+02:00,22,N-HiTS_operational,191.04266343688963,136.58681648406983,160.67190712890624,175.48757212219238,182.76908762207032,191.04266343688963,195.41612690429687,205.80486306762697,209.58799384765624,219.34048344726563,211.5,20.457336563110374
2026-10-01T08:34:03.593347+00:00,2026-10-02 21:00:00+00:00,2026-10-02 00:00:00+02:00,23,N-HiTS_operational,177.01132188415528,116.6579529586792,144.86267250976562,160.79177134094238,170.43313486328125,177.01132188415528,184.00203388671875,192.34096536254884,194.32572578125,203.4566333496093,194.7,17.68867811584471
2026-10-02T08:34:32.767664+00:00,2026-10-02 22:00:00+00:00,2026-10-03 00:00:00+02:00,0,N-HiTS_operational,184.7911833343506,161.27927559051514,173.43135231933593,175.95192759094238,180.11196787109375,184.7911833343506,187.88106220703125,193.37978372192384,195.0205805175781,198.4508044921875,194.14,9.348816665649395
2026-10-02T08:34:32.767664+00:00,2026-10-02 23:00:00+00:00,2026-10-03 00:00:00+02:00,1,N-HiTS_operational,173.87690721130372,145.12099617156983,159.45950478515624,163.33503000793456,169.64192087402344,173.87690721130372,178.84097736816406,184.1437149963379,189.4419672363281,192.14578129882813,178.98,5.103092788696273
2026-10-02T08:34:32.767664+00:00,2026-10-03 00:00:00+00:00,2026-10-03 00:00:00+02:00,2,N-HiTS_operational,170.3524168548584,141.7228180709839,153.68237465820312,158.52220957336425,166.33315927734375,170.3524168548584,176.84297626953125,183.23973855590825,188.86443732910155,194.25540043945315,173.51,3.1575831451415866
2026-10-02T08:34:32.767664+00:00,2026-10-03 01:00:00+00:00,2026-10-03 00:00:00+02:00,3,N-HiTS_operational,169.6894529876709,135.58883064422608,149.3942124267578,152.6070331817627,161.99229318847657,169.6894529876709,171.8650862548828,179.73166665649416,183.45553229980467,188.924315234375,169.11,0.5794529876708907
2026-10-02T08:34:32.767664+00:00,2026-10-03 02:00:00+00:00,2026-10-03 00:00:00+02:00,4,N-HiTS_operational,165.3940886077881,123.75219886932372,144.74041909179687,147.2547382598877,155.26701242675782,165.3940886077881,165.4368330810547,175.00957498168947,178.50350593261717,181.83596684570315,166.07,0.6759113922119013
2026-10-02T08:34:32.767664+00:00,2026-10-03 03:00:00+00:00,2026-10-03 00:00:00+02:00,5,N-HiTS_operational,164.25637803649903,121.06451576385496,144.94815224609374,151.78949778137206,157.11689645996094,164.25637803649903,165.71045368652344,177.5953751525879,183.5250208251953,190.8843677246093,169.9,5.643621963500976
2026-10-02T08:34:32.767664+00:00,2026-10-03 04:00:00+00:00,2026-10-03 00:00:00+02:00,6,N-HiTS_operational,172.4799803314209,126.309030229187,148.2109848876953,157.8396991973877,168.7454975341797,172.4799803314209,176.37266987304687,188.1173935852051,193.25405524902345,206.1038348876953,182.93,10.450019668579102
2026-10-02T08:34:32.767664+00:00,2026-10-03 05:00:00+00:00,2026-10-03 00:00:00+02:00,7,N-HiTS_operational,178.5596159515381,126.0794159713745,152.08850258789062,163.7246631866455,172.20353586425782,178.5596159515381,183.9621321533203,192.8783036193848,201.7577173583984,212.9930560791016,198.61,20.050384048461922
2026-10-02T08:34:32.767664+00:00,2026-10-03 06:00:00+00:00,2026-10-03 00:00:00+02:00,8,N-HiTS_operational,163.19618211364747,113.40511482391356,138.050996484375,149.04158823547365,152.93919260253907,163.19618211364747,172.02495258789062,182.6751328430176,188.18032478027345,202.02151372070315,189.13,25.93381788635253
2026-10-02T08:34:32.767664+00:00,2026-10-03 07:00:00+00:00,2026-10-03 00:00:00+02:00,9,N-HiTS_operational,138.5892332611084,84.32312172088622,110.56660622558594,121.84211008605958,132.10793955078125,138.5892332611084,145.13028400878906,152.68901834106447,164.1070978515625,177.38241459960938,173.33,34.74076673889161
2026-10-02T08:34:32.767664+00:00,2026-10-03 08:00:00+00:00,2026-10-03 00:00:00+02:00,10,N-HiTS_operational,112.51252732849122,47.40760963592529,70.69922036132813,92.06234781799316,101.15678293457032,112.51252732849122,119.89970081787108,127.79804238891604,139.7820551269531,153.08392216796875,151.96,39.44747267150879
2026-10-02T08:34:32.767664+00:00,2026-10-03 09:00:00+00:00,2026-10-03 00:00:00+02:00,11,N-HiTS_operational,86.56512437438965,5.618737870788569,35.29811257324219,63.30320780334473,77.35114176025391,86.56512437438965,98.50443714599608,108.12010964965822,122.0761682861328,133.39413334960938,125.04,38.47487562561035
2026-10-02T08:34:32.767664+00:00,2026-10-03 10:00:00+00:00,2026-10-03 00:00:00+02:00,12,N-HiTS_operational,64.6850813446045,-27.47774345245362,4.739671411132816,33.215263772583015,50.812903234863285,64.6850813446045,79.23410480957031,87.87526712036134,105.22634528808592,117.4416034423828,84.15,19.464918655395508
2026-10-02T08:34:32.767664+00:00,2026-10-03 11:00:00+00:00,2026-10-03 00:00:00+02:00,13,N-HiTS_operational,50.00621018981935,-49.17635185089112,-16.06011801757812,16.7355732208252,37.095442602539066,50.00621018981935,60.91216724853516,74.3321152648926,93.05973457031249,103.4456775390625,56.71,6.703789810180652
2026-10-02T08:34:32.767664+00:00,2026-10-03 12:00:00+00:00,2026-10-03 00:00:00+02:00,14,N-HiTS_operational,50.67773423767091,-48.543173139953616,-7.951765356445309,11.478783059692386,35.00736887207032,50.67773423767091,59.78665607910156,77.91578683471681,88.71928809814452,106.02273442382813,70.21,19.532265762329082
2026-10-02T08:34:32.767664+00:00,2026-10-03 13:00:00+00:00,2026-10-03 00:00:00+02:00,15,N-HiTS_operational,68.601951461792,-15.799185102844245,15.713655175781254,39.12488596496583,57.75508768310547,68.601951461792,77.34298389892578,92.10987100219728,103.67371772460936,117.78452183837892,114.15,45.54804853820801
2026-10-02T08:34:32.767664+00:00,2026-10-03 14:00:00+00:00,2026-10-03 00:00:00+02:00,16,N-HiTS_operational,106.22984300231934,37.31057136688232,64.96108406982422,76.42335550842286,95.7775791381836,106.22984300231934,115.39249104003906,124.4004746398926,136.25332282714842,146.8755328857422,157.32,51.09015699768065
2026-10-02T08:34:32.767664+00:00,2026-10-03 15:00:00+00:00,2026-10-03 00:00:00+02:00,17,N-HiTS_operational,154.4919432220459,92.33748024139403,118.9838578125,128.3418964630127,146.10203439941407,154.4919432220459,166.0281416748047,176.1919785461426,182.9435846679688,197.7462146484375,194.32,39.82805677795409
2026-10-02T08:34:32.767664+00:00,2026-10-03 16:00:00+00:00,2026-10-03 00:00:00+02:00,18,N-HiTS_operational,202.4409636077881,145.08802192840577,164.61575478515624,181.2036213165283,194.24041635742188,202.4409636077881,215.02832478027344,225.2990952453613,236.10451911621087,250.6038348876953,227.68,25.239036392211915
2026-10-02T08:34:32.767664+00:00,2026-10-03 17:00:00+00:00,2026-10-03 00:00:00+02:00,19,N-HiTS_operational,226.8768766937256,169.1754090133667,190.0806137939453,205.566322732544,217.19131357421875,226.8768766937256,240.8524214599609,251.72084817504884,265.7080652587891,285.0624683105469,237.11,10.233123306274422
2026-10-02T08:34:32.767664+00:00,2026-10-03 18:00:00+00:00,2026-10-03 00:00:00+02:00,20,N-HiTS_operational,217.2045439300537,158.36866157684327,181.9477555175781,196.1422046905517,208.93315012207032,217.2045439300537,227.15745991210937,239.2644883117676,253.11733649902345,269.8161304199219,223.22,6.01545606994631
2026-10-02T08:34:32.767664+00:00,2026-10-03 19:00:00+00:00,2026-10-03 00:00:00+02:00,21,N-HiTS_operational,200.21650682067872,141.31195991668702,164.550508203125,177.76500742492675,190.33744699707032,200.21650682067872,206.33098286132807,212.90375527954103,224.0130579345703,229.84483220214844,215.19,14.97349317932128
2026-10-02T08:34:32.767664+00:00,2026-10-03 20:00:00+00:00,2026-10-03 00:00:00+02:00,22,N-HiTS_operational,185.34942613220213,127.60940712127685,149.012422265625,166.71157114562988,177.4770649169922,185.34942613220213,189.94131916503903,197.99155435180663,204.15760444335936,206.082991381836,208.44,23.090573867797872
2026-10-02T08:34:32.767664+00:00,2026-10-03 21:00:00+00:00,2026-10-03 00:00:00+02:00,23,N-HiTS_operational,172.96321092224122,116.00293892059324,139.0872513671875,155.23363535461425,161.48972971191407,172.96321092224122,175.85814350585937,188.90605935668947,190.38430427246087,196.70045354003904,194.97,22.006789077758782
2026-10-03T08:33:54.917804+00:00,2026-10-03 22:00:00+00:00,2026-10-04 00:00:00+02:00,0,N-HiTS_operational,176.39906297302247,167.1484314743042,175.7439896484375,176.39906297302247,179.01845591125488,179.39250070800782,186.0915724609375,186.5419693908692,190.1194574707031,192.9246814453125,194.08,17.680937026977546
2026-10-03T08:33:54.917804+00:00,2026-10-03 23:00:00+00:00,2026-10-04 00:00:00+02:00,1,N-HiTS_operational,167.14071641540528,155.72384040985108,162.68023842773437,165.13906138000488,165.34203989257813,167.14071641540528,174.8960158203125,178.19956216430666,182.53110908203124,186.1853015625,188.6,21.459283584594715
2026-10-03T08:33:54.917804+00:00,2026-10-04 00:00:00+00:00,2026-10-04 00:00:00+02:00,2,N-HiTS_operational,159.92268357849122,150.16213386688233,151.4311997314453,157.77941782226563,158.71093027648925,159.92268357849122,165.0384903869629,168.1325880859375,172.5720178955078,174.47181584472656,182.69,22.76731642150878
2026-10-03T08:33:54.917804+00:00,2026-10-04 01:00:00+00:00,2026-10-04 00:00:00+02:00,3,N-HiTS_operational,156.2274168548584,142.70240181121827,146.92736977539062,151.8723682647705,156.2274168548584,156.92935068359375,160.31676492309572,163.7183272216797,168.79893376464844,169.0770990722656,179.73,23.502583145141585
2026-10-03T08:33:54.917804+00:00,2026-10-04 02:00:00+00:00,2026-10-04 00:00:00+02:00,4,N-HiTS_operational,160.15864549255372,137.95784919891358,148.4952472930908,150.79503029785155,159.17484934082032,160.15864549255372,162.6734053466797,163.83592996215822,171.96411015625,173.57557319335936,176.73,16.571354507446273
2026-10-03T08:33:54.917804+00:00,2026-10-04 03:00:00+00:00,2026-10-04 00:00:00+02:00,5,N-HiTS_operational,167.38191209411622,145.83860176239014,153.85988657531738,155.95066994628905,167.36558420410157,167.38191209411622,169.1769759033203,173.94277200317384,181.2112567626953,183.3674433105469,181.33,13.948087905883796
2026-10-03T08:33:54.917804+00:00,2026-10-04 04:00:00+00:00,2026-10-04 00:00:00+02:00,6,N-HiTS_operational,174.00502000427247,145.54944770965577,155.49803322753905,159.36417429504394,173.69209177246094,174.00502000427247,176.40047138671875,179.59438333129884,186.5629694335937,189.70728947753904,189.63,15.624979995727529
2026-10-03T08:33:54.917804+00:00,2026-10-04 05:00:00+00:00,2026-10-04 00:00:00+02:00,7,N-HiTS_operational,168.13119493103028,141.97664802703858,151.0626694580078,155.86750071105956,165.32661325683594,168.13119493103028,169.49295490722656,173.00107583618166,184.8096125,185.3841693603516,196.53,28.398805068969722
2026-10-03T08:33:54.917804+00:00,2026-10-04 06:00:00+00:00,2026-10-04 00:00:00+02:00,8,N-HiTS_operational,152.08760057067872,122.2092987838745,133.0426499267578,138.91857187805175,146.54763681640625,152.08760057067872,154.82482156372072,155.4838301513672,163.2809259765625,167.4224841796875,186.69,34.60239942932128
2026-10-03T08:33:54.917804+00:00,2026-10-04 07:00:00+00:00,2026-10-04 00:00:00+02:00,9,N-HiTS_operational,129.5430906829834,94.30760353240966,107.2900559326172,115.83707468566897,121.33604318847657,129.5430906829834,133.55850666503906,135.53293618774416,144.79233955078124,149.278319140625,173.09,43.5469093170166
2026-10-03T08:33:54.917804+00:00,2026-10-04 08:00:00+00:00,2026-10-04 00:00:00+02:00,10,N-HiTS_operational,108.7310789642334,65.74971168670653,82.52321785888672,87.53784983215333,97.38349802246094,108.7310789642334,112.0116621826172,116.37934121704104,131.5826837890625,132.89129521484375,143.73,34.998921035766585
2026-10-03T08:33:54.917804+00:00,2026-10-04 09:00:00+00:00,2026-10-04 00:00:00+02:00,11,N-HiTS_operational,85.23914323425294,36.382928544616696,54.957482995605474,65.20336191711426,78.34997446289063,85.23914323425294,93.9656721923828,98.7220841369629,112.79754279785156,114.6484134399414,110.55,25.31085676574706
2026-10-03T08:33:54.917804+00:00,2026-10-04 10:00:00+00:00,2026-10-04 00:00:00+02:00,12,N-HiTS_operational,65.88056932067872,16.037362748718255,32.45854348144532,51.95235483703614,60.89882547607422,65.88056932067872,74.62745350341797,82.0209351501465,95.15908454589842,100.88587071533205,76.91,11.02943067932128
2026-10-03T08:33:54.917804+00:00,2026-10-04 11:00:00+00:00,2026-10-04 00:00:00+02:00,13,N-HiTS_operational,58.49250779724122,-0.403158491516119,23.77043312988281,44.78420298156739,52.45329935302735,58.49250779724122,68.2609831665039,77.71788034057619,86.78618262939452,97.37379338378906,50.19,8.30250779724122
2026-10-03T08:33:54.917804+00:00,2026-10-04 12:00:00+00:00,2026-10-04 00:00:00+02:00,14,N-HiTS_operational,63.6307829437256,3.868066484069818,32.36619729003907,44.73429148254395,54.88918955078125,63.6307829437256,71.02767628173828,84.08259591674806,85.32499335937499,100.79447056884766,55.83,7.800782943725601
2026-10-03T08:33:54.917804+00:00,2026-10-04 13:00:00+00:00,2026-10-04 00:00:00+02:00,15,N-HiTS_operational,78.33707414245606,33.07911079559326,48.30574196777344,63.69672434387208,74.83168680419922,78.33707414245606,90.24763935546876,92.9997940979004,97.66704200439452,110.0225055419922,90.0,11.66292585754394
2026-10-03T08:33:54.917804+00:00,2026-10-04 14:00:00+00:00,2026-10-04 00:00:00+02:00,16,N-HiTS_operational,114.30033860778808,69.35562294158935,91.24124306640626,100.2343754058838,111.64289743652344,114.30033860778808,124.32477253417969,126.36989602661134,129.41346381835936,136.56350590820313,149.31,35.009661392211925
2026-10-03T08:33:54.917804+00:00,2026-10-04 15:00:00+00:00,2026-10-04 00:00:00+02:00,17,N-HiTS_operational,157.93389878845215,120.41182106170652,135.38386696777343,147.7430195098877,156.80163461914063,157.93389878845215,168.14590900878906,170.74443826293947,173.77820991210936,188.4405200683593,198.9,40.96610121154785
2026-10-03T08:33:54.917804+00:00,2026-10-04 16:00:00+00:00,2026-10-04 00:00:00+02:00,18,N-HiTS_operational,199.18016038513184,166.4243561569214,177.14602822265624,185.73720591125488,192.7427662109375,199.18016038513184,205.57840412597656,209.7027207336426,213.98678229980467,233.19497563476563,224.37,25.189839614868163
2026-10-03T08:33:54.917804+00:00,2026-10-04 17:00:00+00:00,2026-10-04 00:00:00+02:00,19,N-HiTS_operational,216.68496690368653,179.58248298797608,199.80598610839843,207.1935199981689,214.1893146728516,216.68496690368653,221.8322951171875,225.8535843811036,235.3985559814453,254.94406010742188,238.71,22.02503309631348
2026-10-03T08:33:54.917804+00:00,2026-10-04 18:00:00+00:00,2026-10-04 00:00:00+02:00,20,N-HiTS_operational,210.1893766937256,180.68398445281983,194.24133461914064,198.5080646759033,203.70274240722657,210.1893766937256,214.39329975585937,223.33251199340825,227.74917243652345,244.41334416503904,229.89,19.700623306274395
2026-10-03T08:33:54.917804+00:00,2026-10-04 19:00:00+00:00,2026-10-04 00:00:00+02:00,21,N-HiTS_operational,195.3913267669677,167.06899421844483,177.1370102783203,181.8460773712158,189.76623422851563,195.3913267669677,200.9858137939453,201.22759255981447,208.3846704833984,225.37393071289063,216.65,21.25867323303231
2026-10-03T08:33:54.917804+00:00,2026-10-04 20:00:00+00:00,2026-10-04 00:00:00+02:00,22,N-HiTS_operational,181.72779832458497,156.0845887008667,165.08323830566405,168.6494220977783,179.27215463867188,181.72779832458497,184.8327833984375,190.04941567993168,193.25667976074217,209.7151324951172,212.29,30.562201675415025
2026-10-03T08:33:54.917804+00:00,2026-10-04 21:00:00+00:00,2026-10-04 00:00:00+02:00,23,N-HiTS_operational,176.61843858337403,142.69696968231202,152.33247536621093,156.05013315734865,166.72871286621094,176.61843858337403,178.54210346679687,182.609794708252,184.3382837646484,200.97601201171875,192.42,15.801561416625958
2026-10-04T08:33:51.245755+00:00,2026-10-04 22:00:00+00:00,2026-10-05 00:00:00+02:00,0,N-HiTS_operational,183.0847929534912,166.20142524871827,169.9042221923828,175.84615366516113,178.96447641601563,183.0847929534912,186.4658890686036,188.9117781494141,191.2176782958984,194.02110173339844,167.36,15.724792953491175
2026-10-04T08:33:51.245755+00:00,2026-10-04 23:00:00+00:00,2026-10-05 00:00:00+02:00,1,N-HiTS_operational,175.21209703063963,152.84263008270264,161.29564064941405,166.4637226348877,173.5736225341797,175.21209703063963,180.31436604003903,182.6998673400879,187.90870307617183,190.4492938720703,161.95,13.262097030639637
2026-10-04T08:33:51.245755+00:00,2026-10-05 00:00:00+00:00,2026-10-05 00:00:00+02:00,2,N-HiTS_operational,173.80067430114747,149.74385994110108,159.63997048339843,164.0186847930908,168.97532541503907,173.80067430114747,174.97008198242187,181.59531411743168,187.5284540527344,189.48785283203125,154.94,18.86067430114747
2026-10-04T08:33:51.245755+00:00,2026-10-05 01:00:00+00:00,2026-10-05 00:00:00+02:00,3,N-HiTS_operational,175.9844969329834,152.25283210906983,162.34629982910155,164.52327768859865,172.22285349121094,175.9844969329834,176.49344318847656,183.62859353637697,186.4830438964844,195.4719073974609,149.96,26.024496932983396
2026-10-04T08:33:51.245755+00:00,2026-10-05 02:00:00+00:00,2026-10-05 00:00:00+02:00,4,N-HiTS_operational,185.4112394866944,163.68384712371827,173.9387680908203,176.38643686828613,178.91570932617188,185.4112394866944,186.5337874267578,192.32685098266603,201.30254768066405,206.32928349609367,149.98,35.43123948669441
2026-10-04T08:33:51.245755+00:00,2026-10-05 03:00:00+00:00,2026-10-05 00:00:00+02:00,5,N-HiTS_operational,218.72860704040528,192.07003181610108,199.62552041015624,202.40694468078613,209.04803354492188,218.72860704040528,219.1289412353516,224.47402200317384,236.95225166015624,241.5802753173828,155.14,63.58860704040529
2026-10-04T08:33:51.245755+00:00,2026-10-05 04:00:00+00:00,2026-10-05 00:00:00+02:00,6,N-HiTS_operational,258.53306565856934,226.3326050582885,237.1801773925781,242.72042124328613,251.4027240966797,258.53306565856934,265.0781142089844,270.61818704223634,278.9431116455078,296.3087451660156,198.03,60.50306565856934
2026-10-04T08:33:51.245755+00:00,2026-10-05 05:00:00+00:00,2026-10-05 00:00:00+02:00,7,N-HiTS_operational,283.4926298675537,242.6948487106324,253.73733681640624,265.6912616973877,276.5321186279297,283.4926298675537,288.8698927734375,300.1194687805176,308.0488550537109,328.49749638671875,221.8,61.692629867553705
2026-10-04T08:33:51.245755+00:00,2026-10-05 06:00:00+00:00,2026-10-05 00:00:00+02:00,8,N-HiTS_operational,272.82508836364747,235.37688606414795,246.22537392578124,259.1763996368408,262.41642648925784,272.82508836364747,277.01616352539065,285.00478372192384,296.3847620361328,315.4515063964844,231.45,41.37508836364748
2026-10-04T08:33:51.245755+00:00,2026-10-05 07:00:00+00:00,2026-10-05 00:00:00+02:00,9,N-HiTS_operational,241.45918260192872,209.0256134811401,220.7500016113281,232.5515735839844,232.9013447052002,239.3937727783203,241.45918260192872,250.14110574340825,256.7113001220703,269.4971912109375,188.01,53.449182601928726
2026-10-04T08:33:51.245755+00:00,2026-10-05 08:00:00+00:00,2026-10-05 00:00:00+02:00,10,N-HiTS_operational,213.1983488616944,179.14129036102295,197.1888138671875,202.7325519805908,207.37361032714844,213.1983488616944,216.040669140625,222.85334024047853,228.6021692626953,237.3649890625,146.11,67.08834886169439
2026-10-04T08:33:51.245755+00:00,2026-10-05 09:00:00+00:00,2026-10-05 00:00:00+02:00,11,N-HiTS_operational,192.8045195159912,149.72547310028077,174.3296372314453,180.7165302520752,186.6430652832032,192.8045195159912,198.1019026611328,205.20844277954103,208.75991462402345,217.0262897216797,92.45,100.35451951599119
2026-10-04T08:33:51.245755+00:00,2026-10-05 10:00:00+00:00,2026-10-05 00:00:00+02:00,12,N-HiTS_operational,180.73519883728028,137.06588142547608,157.7010971923828,167.65909617004394,171.95382578125,180.73519883728028,188.73149555664065,194.9958725891113,199.7960626953125,211.07269169921875,59.65,121.08519883728027
2026-10-04T08:33:51.245755+00:00,2026-10-05 11:00:00+00:00,2026-10-05 00:00:00+02:00,13,N-HiTS_operational,180.13095079040528,128.68396919403077,153.28363198242187,162.68988840637206,167.1276996826172,180.13095079040528,182.6552931640625,189.07501992797853,197.70394538574217,210.6033618652344,6.71,173.42095079040527
2026-10-04T08:33:51.245755+00:00,2026-10-05 12:00:00+00:00,2026-10-05 00:00:00+02:00,14,N-HiTS_operational,185.10675035095213,127.03649299774168,152.9561020751953,167.17450754699706,172.92410166015625,183.7351729248047,185.10675035095213,190.0689164123536,197.8090784423828,210.2821796142578,35.95,149.1567503509521
2026-10-04T08:33:51.245755+00:00,2026-10-05 13:00:00+00:00,2026-10-05 00:00:00+02:00,15,N-HiTS_operational,189.19740281677247,138.75151985321045,160.14850014648437,175.13228647766113,181.0172565673828,189.19740281677247,193.90892475585937,196.86782083129884,203.09832404785155,217.51504399414063,70.64,118.55740281677247
2026-10-04T08:33:51.245755+00:00,2026-10-05 14:00:00+00:00,2026-10-05 00:00:00+02:00,16,N-HiTS_operational,208.9985807952881,169.35466926727295,185.2684037109375,195.7197803741455,200.8012684082032,208.9985807952881,211.7094618652344,219.37822732543947,225.27354072265624,236.4574115478516,128.97,80.0285807952881
2026-10-04T08:33:51.245755+00:00,2026-10-05 15:00:00+00:00,2026-10-05 00:00:00+02:00,17,N-HiTS_operational,244.91468797302247,211.0630280319214,222.407930078125,231.48758738098144,242.4449909423828,244.91468797302247,252.93962543945312,262.02321633911134,266.1829492919922,284.24932744140625,184.31,60.604687973022465
2026-10-04T08:33:51.245755+00:00,2026-10-05 16:00:00+00:00,2026-10-05 00:00:00+02:00,18,N-HiTS_operational,290.5502165374756,255.8526245895385,263.00491494140624,271.58832590637206,282.29756052246097,290.5502165374756,301.2111708496094,313.8798752746582,326.6000330322266,349.7243945800781,224.72,65.8302165374756
2026-10-04T08:33:51.245755+00:00,2026-10-05 17:00:00+00:00,2026-10-05 00:00:00+02:00,19,N-HiTS_operational,314.9205778656006,273.2710205856323,286.5377213378906,294.5402607208252,304.5136860107422,314.9205778656006,320.8593031738281,339.035575958252,356.6644251220703,386.5212085449219,252.05,62.87057786560058
2026-10-04T08:33:51.245755+00:00,2026-10-05 18:00:00+00:00,2026-10-05 00:00:00+02:00,20,N-HiTS_operational,294.8029020843506,253.0215088668824,267.3417984863281,276.6805500274658,284.23002512207034,294.8029020843506,304.8300368164063,316.36748513793947,333.4030725830078,358.8971851074219,221.83,72.97290208435058
2026-10-04T08:33:51.245755+00:00,2026-10-05 19:00:00+00:00,2026-10-05 00:00:00+02:00,21,N-HiTS_operational,255.60182176208497,221.80112617645264,235.3399979492188,244.4298176055908,247.28636057128907,255.60182176208497,263.32085102539065,269.4221116027832,278.9603235595703,298.3148181640625,200.2,55.40182176208498
2026-10-04T08:33:51.245755+00:00,2026-10-05 20:00:00+00:00,2026-10-05 00:00:00+02:00,22,N-HiTS_operational,225.46003709411625,192.59600227508545,207.39618081054687,221.10687143554688,221.18582956848144,225.46003709411625,231.3474318359375,237.18296060180663,241.7413294189453,247.7427966796875,189.26,36.200037094116254
2026-10-04T08:33:51.245755+00:00,2026-10-05 21:00:00+00:00,2026-10-05 00:00:00+02:00,23,N-HiTS_operational,209.3593290863037,167.66237800750733,186.04104775390624,198.51092416992188,199.3387531524658,209.3593290863037,213.6850783203125,214.92742166137697,219.1947595947265,223.7525317871093,167.52,41.83932908630368
2026-10-05T08:33:45.505421+00:00,2026-10-05 22:00:00+00:00,2026-10-06 00:00:00+02:00,0,N-HiTS_operational,152.4619597015381,136.40474861297608,145.7766651397705,147.24055642089843,148.81692392578125,152.4619597015381,153.9704209289551,160.6487013671875,161.47903083496092,166.3565204345703,151.76,0.7019597015381009
2026-10-05T08:33:45.505421+00:00,2026-10-05 23:00:00+00:00,2026-10-06 00:00:00+02:00,1,N-HiTS_operational,145.55921922302247,121.99749916229248,136.3957993408203,139.35758249816894,141.64236337890625,145.55921922302247,151.09832009887697,152.07713764648437,157.26400397949217,157.66195561523438,149.89,4.3307807769775195
2026-10-05T08:33:45.505421+00:00,2026-10-06 00:00:00+00:00,2026-10-06 00:00:00+02:00,2,N-HiTS_operational,144.82887254333497,119.3561722579956,131.18933266601562,135.108818460083,142.18722421875,144.82887254333497,149.69936380004884,151.67696064453125,154.89141486816405,155.45643498535156,151.88,7.051127456665029
2026-10-05T08:33:45.505421+00:00,2026-10-06 01:00:00+00:00,2026-10-06 00:00:00+02:00,3,N-HiTS_operational,144.79356370544434,119.80366676483152,130.45849770507812,130.47724192199706,141.4217670654297,144.79356370544434,147.98747700195312,149.57265481567384,150.36147712402342,154.9761493408203,151.53,6.736436294555659
2026-10-05T08:33:45.505421+00:00,2026-10-06 02:00:00+00:00,2026-10-06 00:00:00+02:00,4,N-HiTS_operational,145.13919053649903,122.05437629852294,131.22818154296874,135.27196543273925,140.48199350585938,145.13919053649903,147.24629658203125,150.41771707153322,151.3151361816406,160.7546375,153.2,8.06080946350096
2026-10-05T08:33:45.505421+00:00,2026-10-06 03:00:00+00:00,2026-10-06 00:00:00+02:00,5,N-HiTS_operational,167.42878709411622,141.07229011688233,149.91725319824218,156.15486948547365,160.9573658203125,167.42878709411622,171.8501936767578,174.07895669555666,176.8503382080078,183.74429204101563,166.94,0.4887870941162191
2026-10-05T08:33:45.505421+00:00,2026-10-06 04:00:00+00:00,2026-10-06 00:00:00+02:00,6,N-HiTS_operational,197.0266111907959,162.67676704559327,180.05236977539062,187.1830524688721,194.63987619628907,197.0266111907959,203.06303852539065,208.71532449340825,214.89898322753905,228.64593388671875,207.39,10.363388809204082
2026-10-05T08:33:45.505421+00:00,2026-10-06 05:00:00+00:00,2026-10-06 00:00:00+02:00,7,N-HiTS_operational,213.4643553314209,172.99492805633545,191.4430252929688,201.1072010284424,207.4564350341797,213.4643553314209,217.96931904296875,227.7889023742676,234.5590021484375,251.576903125,241.01,27.545644668579087
2026-10-05T08:33:45.505421+00:00,2026-10-06 06:00:00+00:00,2026-10-06 00:00:00+02:00,8,N-HiTS_operational,196.08065782165528,161.86145942840577,175.29918068847655,187.70760386047365,191.50506479492188,196.08065782165528,206.1372267578125,212.478935333252,216.7045099609375,231.10012700195315,249.8,53.71934217834473
2026-10-05T08:33:45.505421+00:00,2026-10-06 07:00:00+00:00,2026-10-06 00:00:00+02:00,9,N-HiTS_operational,157.63471971130372,124.54448860321044,135.54324501953124,148.6116718536377,155.26606638183594,157.63471971130372,165.1103712890625,174.68140420532228,181.57920478515624,188.9358356201172,210.35,52.71528028869628
2026-10-05T08:33:45.505421+00:00,2026-10-06 08:00:00+00:00,2026-10-06 00:00:00+02:00,10,N-HiTS_operational,124.4471205291748,80.10298317108153,98.50930184326172,111.20174448547364,117.69717294921875,124.4471205291748,130.80571430664062,140.58330545043947,150.5384027832031,158.87710454101563,171.87,47.42287947082521
2026-10-05T08:33:45.505421+00:00,2026-10-06 09:00:00+00:00,2026-10-06 00:00:00+02:00,11,N-HiTS_operational,96.9283903656006,40.44582527313232,67.28191536865235,78.3500980621338,91.48427469482422,96.9283903656006,108.02277058105469,121.908752532959,131.15816901855467,142.54566838378906,142.07,45.14160963439939
2026-10-05T08:33:45.505421+00:00,2026-10-06 10:00:00+00:00,2026-10-06 00:00:00+02:00,12,N-HiTS_operational,80.24616990661622,17.397241288757318,43.86396950683594,60.11491434631348,73.71338541259766,80.24616990661622,94.23982685546876,103.62222299194336,120.14033912353514,129.3841541015625,132.49,52.24383009338379
2026-10-05T08:33:45.505421+00:00,2026-10-06 11:00:00+00:00,2026-10-06 00:00:00+02:00,13,N-HiTS_operational,74.49870286560059,3.9118592086791937,34.89720314941407,53.73530619201661,61.48255808105469,74.49870286560059,83.41217487792969,93.20368203735352,110.14641975097656,123.45032384033205,127.02,52.521297134399404
2026-10-05T08:33:45.505421+00:00,2026-10-06 12:00:00+00:00,2026-10-06 00:00:00+02:00,14,N-HiTS_operational,76.76094804382325,8.625985795593255,39.42164772949219,54.473511148071296,66.93643839111328,76.76094804382325,83.3191115234375,100.30518350219728,109.61753486328124,119.50830723876952,136.67,59.90905195617674
2026-10-05T08:33:45.505421+00:00,2026-10-06 13:00:00+00:00,2026-10-06 00:00:00+02:00,15,N-HiTS_operational,94.39566026306152,31.220910722351068,55.95787209472657,70.75704996643067,85.26067239990235,94.39566026306152,103.14383381347656,113.64340982055666,121.00564216308592,134.30297734375,154.55,60.154339736938496
2026-10-05T08:33:45.505421+00:00,2026-10-06 14:00:00+00:00,2026-10-06 00:00:00+02:00,16,N-HiTS_operational,126.94911180114748,79.57088630828856,99.0362259765625,108.20510904846192,119.8916919921875,126.94911180114748,132.33208149414062,144.87485513305666,149.15993903808592,161.32711674804688,190.0,63.05088819885252
2026-10-05T08:33:45.505421+00:00,2026-10-06 15:00:00+00:00,2026-10-06 00:00:00+02:00,17,N-HiTS_operational,177.81892381286622,136.93331306610108,147.82441872558593,156.80899851379394,169.44990427246094,177.81892381286622,186.09441059570312,192.7805558166504,201.34180854492183,217.59796025390625,250.01,72.19107618713377
2026-10-05T08:33:45.505421+00:00,2026-10-06 16:00:00+00:00,2026-10-06 00:00:00+02:00,18,N-HiTS_operational,227.86787400817872,182.0411316696167,196.1533677001953,203.3779834991455,218.89597971191407,227.86787400817872,235.1082350585937,246.4052353820801,256.1309473388672,274.5206287109375,339.65,111.78212599182126
2026-10-05T08:33:45.505421+00:00,2026-10-06 17:00:00+00:00,2026-10-06 00:00:00+02:00,19,N-HiTS_operational,250.15371690368653,203.0063416305542,217.5633255859375,228.60372202453613,237.84593088378907,250.15371690368653,254.7649733398437,275.1937180480957,283.9806482666016,313.1847217285156,382.32,132.16628309631346
2026-10-05T08:33:45.505421+00:00,2026-10-06 18:00:00+00:00,2026-10-06 00:00:00+02:00,20,N-HiTS_operational,228.24732957458497,190.9895874801636,207.3517166992188,211.84207956848144,223.90588266601563,228.24732957458497,235.4667708251953,252.36327371215825,265.1890833251953,286.552733203125,296.18,67.93267042541504
2026-10-05T08:33:45.505421+00:00,2026-10-06 19:00:00+00:00,2026-10-06 00:00:00+02:00,21,N-HiTS_operational,198.03779588317872,165.3793122116089,179.4771439453125,181.3420490509033,195.23098642578125,198.03779588317872,201.63951557617187,211.3672104797364,219.4967768066406,235.35345341796875,248.98,50.94220411682127
2026-10-05T08:33:45.505421+00:00,2026-10-06 20:00:00+00:00,2026-10-06 00:00:00+02:00,22,N-HiTS_operational,177.70220933532715,145.8872467819214,161.85115212402343,166.69989817199706,174.94242746582032,177.70220933532715,182.26811665039065,191.3638077697754,192.7918665283203,201.62588383789063,225.66,47.95779066467284
2026-10-05T08:33:45.505421+00:00,2026-10-06 21:00:00+00:00,2026-10-06 00:00:00+02:00,23,N-HiTS_operational,166.5493620452881,130.77405708465577,147.19716042480468,154.71906321105956,163.08355600585938,166.5493620452881,171.57750385742187,176.54439948730467,177.44019326782228,188.43868901367188,209.6,43.0506379547119
2026-10-07T08:33:40.778305+00:00,2026-10-07 22:00:00+00:00,2026-10-08 00:00:00+02:00,0,N-HiTS_operational,144.29449449157715,119.7478730026245,133.6476303955078,137.52793771972657,137.53192942199706,144.29449449157715,145.07320087890625,147.43256387329103,154.3186481201172,154.3966791503906,,
2026-10-07T08:33:40.778305+00:00,2026-10-07 23:00:00+00:00,2026-10-08 00:00:00+02:00,1,N-HiTS_operational,136.95002732849122,107.69543617401122,123.59567421875,130.83951609191894,133.3455951904297,136.95002732849122,139.03548115234375,141.48407754516603,147.9379846923828,148.2987811767578,,
2026-10-07T08:33:40.778305+00:00,2026-10-08 00:00:00+00:00,2026-10-08 00:00:00+02:00,2,N-HiTS_operational,134.2021483001709,102.01036232147216,116.51147622070313,121.26960032043458,128.23100168457032,134.2021483001709,137.32788532714844,139.57935342407228,147.8688471191406,150.295653125,,
2026-10-07T08:33:40.778305+00:00,2026-10-08 01:00:00+00:00,2026-10-08 00:00:00+02:00,3,N-HiTS_operational,131.00233445739747,99.52857368621825,113.3084656616211,116.88301889953614,129.9447162841797,131.00233445739747,134.71184223632812,141.2718888244629,142.92835639648436,147.41973759765625,,
2026-10-07T08:33:40.778305+00:00,2026-10-08 02:00:00+00:00,2026-10-08 00:00:00+02:00,4,N-HiTS_operational,131.31980882263184,102.55299537811278,116.2378861328125,120.70923655090333,126.47029001464844,131.31980882263184,138.00218647460937,142.20391091918947,146.5807306640625,156.26003911132813,,
2026-10-07T08:33:40.778305+00:00,2026-10-08 03:00:00+00:00,2026-10-08 00:00:00+02:00,5,N-HiTS_operational,151.20405564880372,124.90864723358153,133.288789453125,138.34793894348144,146.94187814941407,151.20405564880372,157.3441359375,163.79724893188478,169.28863166503905,177.56350590820313,,
2026-10-07T08:33:40.778305+00:00,2026-10-08 04:00:00+00:00,2026-10-08 00:00:00+02:00,6,N-HiTS_operational,188.63217149353028,145.46914070281983,163.47915810546874,172.5016865020752,182.9143970703125,188.63217149353028,192.58952778320312,199.93408975219728,210.61520026855467,224.44773747558594,,
2026-10-07T08:33:40.778305+00:00,2026-10-08 05:00:00+00:00,2026-10-08 00:00:00+02:00,7,N-HiTS_operational,211.44793687438965,166.40154426727295,184.2680375,195.8313068634033,203.69685251464844,211.44793687438965,216.6953322265625,225.25408181762697,238.48885749511717,251.16934086914063,,
2026-10-07T08:33:40.778305+00:00,2026-10-08 06:00:00+00:00,2026-10-08 00:00:00+02:00,8,N-HiTS_operational,202.7172087249756,163.14919441375733,177.65078896484374,189.66646616516113,195.73448068847657,202.7172087249756,210.07112568359375,215.8655625305176,229.50918220214842,241.59117009277344,,
2026-10-07T08:33:40.778305+00:00,2026-10-08 07:00:00+00:00,2026-10-08 00:00:00+02:00,9,N-HiTS_operational,179.73956285095215,137.1354920211792,152.3640610595703,163.68129770812988,168.57575876464844,179.73956285095215,183.57463520507812,189.23979959106447,201.2379877441406,210.82725407714844,,
2026-10-07T08:33:40.778305+00:00,2026-10-08 08:00:00+00:00,2026-10-08 00:00:00+02:00,10,N-HiTS_operational,151.15867601013184,100.79606025848388,122.33454293212891,132.937187600708,142.32394296875,151.15867601013184,156.87788837890625,164.35858926391603,172.6053430908203,182.7225330078125,,
2026-10-07T08:33:40.778305+00:00,2026-10-08 09:00:00+00:00,2026-10-08 00:00:00+02:00,11,N-HiTS_operational,130.09715257263184,70.72078865203856,97.5919358154297,108.76467173156739,120.18214304199219,130.09715257263184,137.59538715820312,146.90493020629884,155.58082221679686,165.7440631591797,,
2026-10-07T08:33:40.778305+00:00,2026-10-08 10:00:00+00:00,2026-10-08 00:00:00+02:00,12,N-HiTS_operational,116.63245378112794,57.33363502655029,81.90853280029297,95.00627939758301,109.13320047607422,116.63245378112794,125.78867786865234,136.64487466430666,142.93389533691405,158.2572009765625,,
2026-10-07T08:33:40.778305+00:00,2026-10-08 11:00:00+00:00,2026-10-08 00:00:00+02:00,13,N-HiTS_operational,112.10508714294434,50.884942704772946,77.05320137939454,90.80143778381348,101.844206640625,112.10508714294434,118.62392109375,126.55575570678712,140.5425989501953,152.77772404785156,,
2026-10-07T08:33:40.778305+00:00,2026-10-08 12:00:00+00:00,2026-10-08 00:00:00+02:00,14,N-HiTS_operational,111.56156144714356,53.477716142272946,83.81721657714844,97.56440012512208,104.0612705444336,111.56156144714356,120.76060169677734,129.89243325805666,139.4965784423828,158.49351384277344,,
2026-10-07T08:33:40.778305+00:00,2026-10-08 13:00:00+00:00,2026-10-08 00:00:00+02:00,15,N-HiTS_operational,123.72248826599122,68.62809150848388,91.78914803466797,105.14496653137208,117.74978525390625,123.72248826599122,136.14099567871094,140.52207192993166,150.13802741699217,165.91854741210938,,
2026-10-07T08:33:40.778305+00:00,2026-10-08 14:00:00+00:00,2026-10-08 00:00:00+02:00,16,N-HiTS_operational,148.85317979431153,98.38978737030028,119.24632424316407,133.12638132629394,144.19499094238282,148.85317979431153,163.67256611328125,167.4692002258301,179.39156745605467,193.92178227539063,,
2026-10-07T08:33:40.778305+00:00,2026-10-08 15:00:00+00:00,2026-10-08 00:00:00+02:00,17,N-HiTS_operational,185.70051560974122,135.15773933563233,157.8652817626953,169.60526316223144,183.78941232910157,185.70051560974122,200.4043928955078,209.8763810119629,221.3563654296875,237.9934528076172,,
2026-10-07T08:33:40.778305+00:00,2026-10-08 16:00:00+00:00,2026-10-08 00:00:00+02:00,18,N-HiTS_operational,227.94081101989747,172.98142402801514,191.60635537109374,207.6953205352783,220.1677387451172,227.94081101989747,238.68352192382812,254.16249856567384,262.9591028564453,286.054198046875,,
2026-10-07T08:33:40.778305+00:00,2026-10-08 17:00:00+00:00,2026-10-08 00:00:00+02:00,19,N-HiTS_operational,240.7324217376709,182.0124909225464,203.0244614501953,218.41738169250488,225.19177133789063,240.7324217376709,246.2634474609375,268.0012131652832,279.8355066650391,308.3982837402344,,
2026-10-07T08:33:40.778305+00:00,2026-10-08 18:00:00+00:00,2026-10-08 00:00:00+02:00,20,N-HiTS_operational,216.12258897399903,168.18694465789795,188.0269486328125,195.0720295196533,208.20837290039063,216.12258897399903,227.1478926513672,242.9279404602051,252.9433557861328,281.1423328125,,
2026-10-07T08:33:40.778305+00:00,2026-10-08 19:00:00+00:00,2026-10-08 00:00:00+02:00,21,N-HiTS_operational,188.40451036071778,138.82293098602295,157.32667702636718,168.498222756958,176.17706186523438,188.40451036071778,191.68230122070312,199.61655435180666,211.02358649902342,226.82565190429688,,
2026-10-07T08:33:40.778305+00:00,2026-10-08 20:00:00+00:00,2026-10-08 00:00:00+02:00,22,N-HiTS_operational,166.3099821624756,118.23603981170653,137.98437661132812,146.88810007629394,157.38395578613282,166.3099821624756,170.74100178222656,177.49657449340822,184.4405023925781,193.50819279785156,,
2026-10-07T08:33:40.778305+00:00,2026-10-08 21:00:00+00:00,2026-10-08 00:00:00+02:00,23,N-HiTS_operational,155.55625901794434,109.03094642791747,124.16640633544922,139.7439960723877,148.4781177734375,155.55625901794434,162.88118427734375,166.43776712036134,173.47896979980467,182.7532489501953,,
